Temperature_C,Humidity_%,IR_ADC,CO2_gram
24.36,56.34,606.63,1476.32
38.77,53.54,590.66,1674.69
33.3,21.79,802.25,800.75
29.97,43.89,636.76,1399.8
18.9,46.61,641.96,1314.79
18.9,47.92,552.58,1732.53
16.45,60.61,520.35,1849.74
36.65,57.35,893.24,419.45
30.03,62.55,608.87,1478.43
32.7,73.54,854.22,482.94
15.51,76.91,617.56,1278.17
39.25,70.27,766.54,860.21
35.81,86.89,739.91,890.84
20.31,21.28,743.93,964.73
19.55,33.7,632,1394.07
19.59,20.53,754.46,934.48
22.61,65.32,578.91,1572.32
28.12,82.86,692.85,1047.24
25.8,37.04,867.51,509.37
22.28,84.89,554.45,1654.02
30.3,24.22,786.61,857.21
18.49,85.41,665.07,1092.43
22.3,44.61,601.9,1496.71
24.16,27.1,754.8,931.93
26.4,54.01,857.98,490.54
34.63,37.97,742.09,998.27
19.99,39.94,521.5,1911.12
27.86,41.51,626.41,1426.78
29.81,76.21,606.92,1474.37
16.16,57.74,612.51,1411.65
30.19,41.79,816.38,718.39
19.26,62.72,682.9,1069.33
16.63,70.13,562.92,1601.5
38.72,39.08,868.75,562.2
39.14,48.95,781.4,844.56
35.21,28.53,791.26,842.11
22.62,32.68,710.79,1091.23
17.44,67.68,495.69,1968.59
32.11,32.7,886.87,508
26,56.76,663.86,1229.92
18.05,69.63,784.75,686.98
27.38,27.48,525.97,1953.08
15.86,59.71,815.36,581.29
37.73,37.96,739.82,1045.76
21.47,87.4,559.3,1580.62
31.56,53.85,608.06,1527.29
22.79,76.42,681.37,1076.37
28,58.52,729.9,954.44
28.67,23.04,733.82,1036.18
19.62,64.32,745.66,822.84
39.24,86.6,791.84,728.53
34.38,62.11,682.93,1172.86
38.49,77.34,766.76,829.65
37.37,81.89,748.65,859.94
29.95,35.97,628.07,1450.81
38.05,34.84,541.92,1949.66
17.21,62.77,612.22,1365.82
19.9,48.77,842.89,523.17
16.13,78.79,813.37,520.93
23.13,83,503.25,1922.28
24.72,44.74,755.94,875.67
21.78,36.58,851.72,547.31
35.72,74.64,635.67,1358.47
23.92,39.24,634.85,1397.84
22.02,77.58,594.82,1437.61
28.57,49.66,770.51,827.84
18.52,66.73,859.58,424.18
35.05,26.69,543.57,1944.02
16.86,63.67,745.56,801.43
39.67,51.62,627.01,1481.64
34.31,61.06,596.98,1530.61
19.97,31.76,637.2,1376.01
15.14,71.58,721.77,900.65
35.39,80.4,753.31,833.75
32.67,35.17,653.14,1356.27
33.23,26.7,571.91,1785.75
34.28,21.65,543.43,1914.77
16.85,64.94,810.2,569.45
23.96,62.5,805.48,647.73
17.9,58.27,510.29,1911.58
36.58,36.24,609.96,1578.46
30.58,47.36,552.22,1812.79
23.27,61.61,783.33,724.21
16.59,54.77,627.04,1340.14
22.77,89.14,573.43,1521.82
23.13,29.55,618.92,1488.18
33.24,68.66,705.49,1053.04
30.94,48.3,895.13,424.63
37.18,49.97,655.77,1332.68
26.81,70.23,758.37,804.96
17.99,68.47,665.8,1120.41
32.83,89.39,507.45,1932.13
34.02,28.99,736.79,1038.46
29.03,27.29,569.44,1743.68
34.27,70.7,799.01,701.66
27.34,60.49,607.37,1475.94
28.07,39.19,525.77,1963.21
25.69,25.56,860.41,563.03
15.64,26,890.76,413.31
17.7,82.59,666.74,1093.73
15.79,33.43,843.95,548.2
30.91,42.64,593.59,1597.41
22.86,35.87,538.59,1863.28
27.71,44.85,705.99,1094.43
37.69,24.86,808.79,813.94
21.23,56.33,681.2,1095.05
25.26,24.73,608.9,1557.52
33.89,76.02,884.01,414.49
20.72,36.36,641.37,1343.13
16.92,57.8,613.55,1381.27
22.24,81.61,600.45,1420.3
19.03,65.56,756.38,787.24
38.24,57.31,611.25,1542.48
35.2,42.7,864.62,546.23
30.84,43.31,812.38,718.83
36.79,66.86,549.35,1803.95
35.09,89.59,575.73,1581.96
19.66,66.33,859.91,421.99
37.31,59.04,788.95,797.4
28.48,71.15,780.14,743.05
35.19,52.56,774.24,833.29
37.4,24.21,816.43,796.1
22.95,59.36,847.02,500.04
17.75,87.03,652.95,1134.3
20.7,32.27,595.55,1572.37
25.68,68.3,621.95,1370.77
35.45,34.07,636.51,1476.59
36.52,57.51,862.63,529.84
15.17,26.77,520.16,1922.39
27.77,51.53,557.1,1741.59
25.44,72.93,554.64,1688.14
20.55,44.33,562.92,1716.77
18,66.54,513.39,1892.34
23.44,75.68,634.24,1270.81
38.57,84.9,795.78,720.45
23.08,36.42,636.52,1386.85
27.97,47.95,595.33,1588.61
32.58,30.67,608.3,1580.67
24.09,89.47,638.41,1234.32
39.29,84.89,852.26,509.53
39.06,57.8,740.77,993.78
21.29,78.94,515.14,1873.23
27.43,56.47,642.77,1335.12
22.52,63.65,644.71,1261.33
22.12,26.24,776.94,830.17
15.92,72.87,695.19,989.52
30.24,28.94,558.67,1832.55
27.57,77.82,597.66,1466.34
16.29,74.74,551.66,1659.82
21.97,69.61,676.44,1126.95
37.71,22.53,655.52,1408.4
20.99,41.22,771.81,797.41
18.62,38.42,597.88,1528.74
27.24,45.21,707.42,1084.16
39.64,26.13,729.89,1108.07
21.05,85.59,595.72,1438.92
31.8,58.77,530.26,1898.05
34.04,41.39,881.2,502.41
20.94,47.79,552.62,1719.59
33.21,51.3,762.34,867.81
24.19,62.04,685.02,1110.27
30.81,56.1,876.68,435.06
30.84,84.36,737.17,881.67
28.39,54.79,672,1204.21
17.26,89.45,825.05,489.88
35.88,79.6,676.95,1185.75
23.02,34.6,534.63,1883.38
19.66,85.14,799.96,568.63
16.02,28.15,584.76,1623.11
29.77,77.22,699.63,1055.47
31.94,46.64,621.79,1448.28
15.41,81.46,724.75,816.38
27.8,80.76,790.83,655.19
20.66,76.41,786.39,656.74
31.13,75.3,845.05,512.79
19.36,41.33,802.68,697.03
32.27,25.66,633.44,1462.75
24.67,48.21,536.24,1810.7
38.42,32.15,591.86,1702.6
18.44,68.65,584.29,1496.21
23.53,44.23,832.11,576.69
17.84,88.29,717.45,862.7
38.12,64.87,758.37,895.69
36.93,77.57,769.43,799.93
21.45,29.28,674.1,1224.01
31.5,80.34,646.73,1256.89
35.43,84.59,716.57,971.02
28.88,54.09,727.98,966.06
28.24,62.44,553.61,1725.69
21.05,73.54,555.38,1662.87
17.33,32.24,751.15,892.47
37.43,55.18,544.08,1862.06
37.51,47.91,532.69,1924.5
30.83,30.25,763.51,922.79
23.48,45.73,723.38,967.08
23.73,24.77,685.75,1209.01
33.15,21.81,553.07,1905.79
37.43,29.46,564.86,1802.11
37.18,87.42,826.16,564.11
34.5,58.47,722.19,1028.37
31.05,87.61,639.31,1285.39
17.1,50.27,658.81,1205.01
19.04,41.83,792.65,710.18
37.46,55.43,554.34,1774.11
30.16,50.77,614.88,1483.11
15.23,27.4,564.07,1740.65
17.54,64.86,534.42,1774.02
31.59,35.12,601.34,1597.37
15.13,63.37,673.59,1102.74
19.02,65.51,614.53,1376.87
28.72,30.64,832.35,656.58
32.3,24.29,637.23,1477.83
31.3,74.65,795.17,686.81
20.61,52.19,596.43,1510.32
32.8,24.07,811.83,767.36
20.93,89.64,797.22,588.08
23.13,24.04,830.73,664.46
33.66,68.65,885.18,403.19
31.24,88.86,581.8,1549.98
36.23,36.74,609.85,1571.84
31.44,29.96,686.25,1223.89
29.21,28.5,834.61,658.18
17.34,41.23,837.54,533.69
24.19,27.07,900.06,430.61
21.63,68.45,784.53,665.2
21.1,24.36,545.74,1825.37
39.33,55.66,788.14,786.46
24.83,89.77,699.8,966.83
37.3,76.98,835.39,568.55
30.78,63.07,782.91,755.78
34.87,41.44,680.66,1230.76
27.57,63.67,623.72,1372.4
29.42,56.89,778.09,792.56
27.31,49.83,863.49,492.37
19.88,29.15,722.86,1025.65
33.06,82.06,764.46,774.73
22.02,51.48,781.17,751.29
15.61,33.62,522.18,1935.78
31.14,45.74,642.04,1386.08
19.43,48.99,643.2,1291.01
38.51,77.93,704.25,1065.24
38.85,71.35,702.72,1086.31
37.87,73.85,657.8,1265.45
24.25,20.77,617.81,1514.29
15.39,49.13,588.68,1523.43
38.21,53.69,826.76,674.71
25.7,21.34,689.27,1200.18
39.17,38.19,731.56,1059.13
39.09,73.22,544.26,1792.84
36.33,29.6,646.68,1410.27
22.36,57.47,647.87,1252.01
24.63,35.06,846.02,584.63
36.28,20.85,663.96,1369.02
22.92,36.88,841.87,587.53
19.24,88.31,700.05,939.53
28.92,76.11,799.72,628.55
38.4,87.17,598.79,1507.32
32.4,54.15,803.25,730
29.25,27.68,733.19,1026.97
17.43,58.36,527.28,1833.08
30.38,51.81,797.63,726.91
39.75,79.1,669.22,1212.49
18.5,26.87,706.24,1070.83
27.96,54.18,876.32,429
36.93,30.5,594.34,1668.41
33.52,42.73,876.15,510.47
32.43,71.61,675.86,1158.81
32.56,53.32,653.67,1297.09
23.99,46.31,625.31,1405.48
22.34,47.61,603.83,1501.81
35.23,52.16,785.71,805.24
35.25,74.95,880.58,415.97
36.68,82.45,585.18,1557.51
37.83,86.87,654.49,1257.05
27.78,75.08,542.24,1737.79
27.54,42.08,570.28,1714.22
34.96,68.17,559.02,1749.32
31.25,50.63,687.32,1176.15
32.55,37.83,757.42,933.81
34.89,78.86,563.76,1666.49
37.25,22.69,730.21,1122.07
23.45,83.12,769.13,693.51
24.39,52.3,546.04,1767.96
17.35,64.6,525.2,1812.1
29.46,66.15,683.74,1146.1
15.9,82.66,810.77,521.12
26.64,64.57,704.62,1020.52
28.57,62.98,562.76,1685.66
22.16,24.67,545.3,1842.84
29.77,56.29,793.91,725.56
15.76,30.51,860.21,507.16
15.93,71.62,518.46,1803.76
35.57,55.86,730.93,1023.05
24,67.62,646.34,1266.82
18.18,22.92,527.31,1948.91
28.06,25.94,881.36,506.5
34.25,70.14,616.87,1437.31
20.4,25.05,862,518.57
30.57,24.99,745.34,1000.75
17.13,20.85,575.88,1686.1
16.29,86.96,664.21,1093.56
28.28,71.63,497.64,1995.49
28.52,44.73,657.18,1294.49
30.94,40.76,758.26,913.86
33.15,44.48,799.12,752.18
39.4,74.23,735.51,960.83
27.91,66.3,712.01,996.05
23.07,32.96,866.4,509.94
34.88,32.19,749.11,991.32
21.77,26.89,694.63,1142.78
25.97,66.22,584.83,1556.38
16.96,73.51,590.87,1450.77
15.63,38.55,592.36,1534.03
39.07,21.47,933.81,413.38
35.9,25.75,824.95,748.27
32.4,87.75,604.66,1458.69
25.22,40.68,685.27,1174.38
19.33,73.85,858.84,408.5
18.91,63.73,547.89,1687.19
21.26,46.74,574.97,1636.5
28.73,34.4,665.94,1277.47
32.86,28.5,884.48,506.34
31.5,63.05,576.55,1626.42
22,74.22,625.78,1333.94
38.87,65.07,583.96,1651.14
33.45,57.12,590.16,1602.8
28.86,22.94,582.35,1684.8
30.29,87.79,646.44,1228.81
25.49,75.91,802.56,624.52
21.19,40.5,612.38,1473.85
23.9,88.6,597.01,1392.76
33.95,62.13,587.38,1587.61
15.36,60.77,784.32,671.81
17.9,72.37,770.12,711.96
16.15,76.82,509.56,1824.66
16.02,65.95,564.2,1599.96
36.39,28.97,558.92,1853.17
32.59,43.68,596.7,1613.94
26.85,84.97,618.73,1355.45
17.45,35.72,617.74,1446.61
27.29,46.05,542.69,1822.6
26.84,50.25,639.43,1326.09
19.33,50.76,615.36,1411.83
25.85,62.91,808.69,650.36
24.96,86.02,661.75,1158.27
30.4,36.85,611.99,1546.24
30.88,28.51,791.08,833.51
16.13,33.82,793.83,723.61
24.37,82.08,719.44,902.12
30.65,65.21,773.28,786.4
27.58,40.01,805.66,743.86
36.41,77.12,694.68,1079.76
31.47,80.3,530.42,1852.54
19.07,79.26,641.22,1211.3
16.76,84.32,764.42,700.67
31.06,37.66,868.44,523.15
15.66,72.85,579.3,1513.85
29.64,52.24,720.52,1012.48
38.51,78.94,555.4,1714.93
29.39,70.99,607.77,1455.22
24.7,74.35,558.34,1673.99
31.08,65.93,758.08,835.11
26.46,32.42,611.27,1507.77
28.64,58.15,766.1,822.5
38.54,88.93,518.58,1902.51
24.65,85.62,601.84,1418.2
39.03,23.02,785.89,919.22
37.63,31.54,798.38,831.22
19.89,29.22,813.2,705.48
16.73,70.82,581.14,1511.43
17.52,77.24,752.87,749.94
15.46,34.95,629.48,1352.49
17.36,55.41,750.24,823.42
32.08,78.85,603.56,1459.15
16.78,71.3,545.39,1703.9
22.97,57.96,569.79,1644.84
36.12,61.32,583.35,1617.36
15.58,55.59,781.67,700.36
35.36,40.83,873.95,541.42
22.05,59.55,596.77,1518.32
17.95,68.22,703.14,989.36
32.42,81.13,688.77,1091.75
30.72,64.54,871.31,449.84
36.94,73.28,770.27,815.32
33.38,31.21,907.91,453.88
35.09,52.31,549.12,1806.7
22.05,20.65,793.01,789.43
19.44,37.27,649.48,1291.74
33.77,70.85,868.12,462.37
35.17,89.43,603.84,1466.96
39.76,26.94,779.87,916.84
25.32,48.1,531.84,1836.67
24.3,76,524.77,1820.99
34.41,34.28,769.9,920.46
23.52,58.86,532.31,1841.54
38.27,71.31,512.8,1993.85
36.46,63.12,564.64,1720.67
25.72,33.16,560.29,1751.79
33.77,44.88,792.8,798.41
33.86,74.87,636.43,1322.72
17.58,58.8,843.12,507.61
37.56,20.37,891.89,551.87
27.1,56,1024,3809.77
35.66,22.47,775.41,922.62
23,72.2,569.38,1597.09
37.39,34.17,588.56,1690.66
24.73,87.07,532.83,1772.84
15.27,45.76,501.48,1996.21
37.63,42.89,799.89,786.39
17.28,30.42,878.68,464.56
22.98,41.39,709.79,1057.91
38.75,81.37,825.35,608.13
38.77,89.74,864.68,435.88
29.34,45.78,737.32,976.68
30.8,51.4,580.21,1653.98
26.21,70.54,630.08,1305.89
22.33,82.03,724.94,900.44
23.22,61.51,611.23,1446.95
31.81,47.41,792.46,771.23
33.81,48.88,895.35,423.01
34.79,68.69,581.05,1622.97
34.74,20.23,658.68,1397.99
17.28,63.37,564.84,1619.68
27.36,44.88,879.35,462.3
16.44,75.59,534.56,1739.39
28.74,26.51,652.71,1391.24
26.04,61.17,644.56,1301.43
37.19,53.67,636.53,1399.38
23.77,64.96,542.77,1783.09
17.93,24.54,652.32,1339.1
18.57,60.6,637.16,1329.52
34.04,59.3,511.58,1985.09
30.46,59.25,583.81,1610.77
17.53,62.24,669.03,1107.67
17.1,67.35,580.5,1531.84
32.52,76.35,705.11,1022.77
16.82,38.89,784.08,766.2
35.55,77.75,629.66,1354.96
32.66,54.88,529.1,1885.09
17.03,25.39,531.49,1886.62
17.12,24.1,735.41,947.05
39.67,43.4,688.06,1244.28
24.36,74.94,762.86,738.62
24.27,69.54,498.66,1993.01
35.32,75.2,504.36,1969.79
38.68,56.21,630.15,1439.21
39.65,50.81,588.04,1687.06
33.83,30.32,619.46,1544.16
24.41,42.97,639.04,1349.05
17.09,50.38,849.1,485.36
34.43,26.2,719.18,1127.62
28.96,35.44,624.72,1479.66
25.61,61.88,597.81,1484.05
37.66,71.5,725.86,997
17.78,89.88,488.27,1906.71
27.32,85.32,782.86,667.77
15.28,64.98,647.58,1200.58
26.72,49.49,608.36,1505.41
16.41,64.53,583.03,1515.42
17.97,75,590.18,1437.82
17.94,28.28,764.8,840.46
31.23,48.69,826.71,649.93
33.65,78.79,615.18,1417.5
29.58,46.87,641.84,1358.88
39.05,60.03,817.19,686.97
24.37,61.14,593.95,1528.22
22.14,32.91,695.41,1128.28
36.71,45.36,628.86,1468.42
20.59,43.42,561.9,1739.79
39.08,21.83,850.5,671.57
15.3,21.69,881.49,430.63
39.25,78.22,577.03,1646.56
16.08,39.11,625.49,1375.52
37.28,56.27,610.98,1519.42
28.19,40.91,562.42,1741.05
39.82,85.85,562.39,1684.5
16.84,38.15,521.79,1937.47
28.85,50.08,666.27,1257.5
39.23,81.09,676.8,1181.59
28.08,78.94,689.43,1043.02
30.73,33.03,835.81,645.91
32.39,76.19,628.97,1316.17
26.36,52.07,759.54,843.22
30.69,53.81,537.86,1874.09
29.61,29.34,662.45,1333.11
37.53,25.64,669.34,1348.54
16.14,70.96,701.05,967.88
22.02,54.75,852.48,483.18
38.76,50.58,897.84,450.79
37.26,71.07,706.08,1077.34
26.39,73.59,825.51,535.3
30.5,31.12,653.1,1370.96
21.93,62.72,535.72,1809.56
19.7,29.47,546.41,1812.66
26.59,72.6,605.07,1454.47
23.83,65.99,784.42,737.97
29.59,86.96,532.77,1780.79
16.94,24.83,547.37,1817.75
39.36,23.99,838.52,714.65
39.66,39.75,612.49,1579.88
32.45,38.32,779.22,858.43
28.4,37.29,579.1,1684.22
22.74,83.44,486.39,1995.58
35.34,37.47,904.44,448.04
32.12,39.04,556.24,1835.79
19.07,73.16,607.13,1396.21
37.77,51.48,531.01,1957.41
35.56,74.37,682.15,1144.02
38.74,24.58,585.32,1755.82
33.14,54.13,870.06,499.83
30.34,22.35,762.63,936.45
25.46,24.39,880.33,507.23
38.32,83.45,508.03,1960.55
36.65,29.75,585.66,1707.16
16.13,57.27,538.6,1764.08
15.66,48.78,517.69,1900.74
24.41,44.31,848.09,536.17
35.26,82.99,710.48,1016.96
39.68,21.53,906.59,513.66
18.76,66.47,765.43,737.27
29.85,87.44,755.41,766.99
24.52,59.21,676.49,1150.57
39.25,85.58,757.59,829.7
36.05,23.66,882.02,561.56
35.96,49.32,826.92,667.99
26.72,38.21,825.23,635.64
25.37,71.16,503.98,1956.92
21.84,88.69,554.34,1614.87
16.41,37.96,516.46,1948.42
36.62,65.79,697.98,1103.58
35.32,33.87,794.43,845.39
39.99,59.57,574.28,1677.27
39.92,52.48,765.12,922.01
28.89,88.04,728.4,879.01
34.22,62.6,787.83,772.01
38.62,44.47,854.53,607.49
36.24,27.99,808.57,810.34
21.18,30.59,736.16,968.51
26.26,35.77,616.59,1478.39
18.23,37.57,862.04,500.1
38.85,79.54,788,736.81
30.15,59.29,566.56,1694.44
20.72,56.64,810.53,635.08
31.79,28.03,757.19,948.23
30.45,80.21,539.09,1783.45
23.95,70.6,795.15,647.88
17.84,24.74,857.66,532.38
31.79,69.55,674,1175.26
28.01,58.05,744.59,883.87
34.31,25.72,674.42,1301.45
28,52.08,573.41,1686.09
36.3,53.93,841.66,619.44
28.8,31.6,659.05,1329.12
29.02,86.2,651.78,1208.81
36.92,79.5,814.28,630.53
25.09,66.83,620.83,1398.4
18.35,52.36,750.45,837.82
15.72,48.82,665.69,1180.53
33.88,65.57,854.49,531.64
30.51,58.18,687.02,1135.33
32.6,24.36,784.82,890.34
20.32,55.88,547.88,1715.81
18.41,76.45,832.64,491.17
15.36,52.15,687.31,1069.77
23.76,23.64,703.63,1133.49
29.75,75.04,577.37,1560.01
24.81,34.1,653.36,1318.86
25.94,38.1,617.29,1467.54
37.6,31.53,599.09,1643.28
23.71,43.12,550.68,1779.52
27.85,72.97,735.98,902.2
34.59,56.36,667,1260.84
24.91,34.34,565.15,1744.17
30.55,81.45,497.05,1983.12
36.56,81.57,532.74,1823.23
38.74,80.94,724.78,994.35
18.68,36.72,795.37,712.27
38.16,51.59,698,1183.03
27.3,88.95,566.07,1586.63
21.46,74.04,654.07,1188.11
26.48,21.9,702.97,1173.09
39.5,24.56,590.81,1741.17
27.32,52.48,727.62,978.25
23.22,83.65,527.92,1775.67
30.84,57.71,710.74,1050.89
21,54.85,731.6,925.17
16.9,27.38,696.63,1126.38
18.22,65.97,563.29,1619.92
18.2,77.55,796.89,601.6
18.8,46.63,794.57,714.27
18.47,74.29,503.86,1922.31
31.02,87.51,786.18,680.79
19.55,34.26,645.45,1308.36
23.64,56.63,628.8,1326.9
37.42,40.1,700.93,1183.4
26.85,75.5,605.96,1431.59
31.69,60.43,782.55,767.72
19.31,64.42,636.65,1284.26
19.81,75.85,695.88,995.48
16.02,47.72,607.83,1458.67
19.22,84.06,784.84,625.96
21.96,57.31,635.07,1313.4
19.43,31.06,810.86,696.43
17.22,68.71,734.33,845.83
18.02,75.53,757.67,749.94
26.52,42.17,810.06,692.54
20.16,80,536.01,1721.14
24.11,83.43,731.48,857.13
27.59,39.38,537.59,1883.4
32.26,88.85,505.26,1951.88
15.98,29.85,646.16,1314.02
34.99,34.14,844.89,628.8
30.7,32.9,740.43,999.28
17.04,82.58,544.1,1676.37
36.84,65.8,728.49,987.83
38.02,30.65,885.17,539.23
16.53,50.82,642.62,1290.86
21.92,63.07,541.22,1752.19
35.16,25.84,590.33,1673.48
33.71,81.77,793.76,680.2
19.61,76.25,586.25,1476.42
20.23,55.36,771.38,752.81
24.26,87.7,755.72,749.13
27.11,49.24,549.37,1798.51
30.46,88.89,751.32,799.47
24.22,66.75,754.37,821.2
26.56,64.43,884.56,401.05
33.69,31.62,564.8,1793.07
15.92,81.73,543.29,1668.15
21.31,49.92,619.75,1403.73
32.83,31.36,601.85,1600.43
37.38,20.88,859.54,643.28
27.79,59.18,684.04,1133.32
28.3,56.92,731.41,961.95
17.68,70.35,821.86,550.04
26.19,82.32,654.84,1177.81
28.32,25.56,546.36,1873.18
21.06,71.2,844.28,464.09
21.73,33.12,764.38,866.34
24.43,80.07,767.91,732.07
15.5,77.33,746.64,781.03
23.05,57.86,520.95,1853.5
20.29,69.72,657.07,1148.91
23.19,42,686.4,1146.08
17.99,52.98,574.45,1616.92
37.26,77.51,807.8,647.19
29.84,52.15,672.73,1179.62
31.98,45.05,714.07,1087.98
34.73,54.59,646.81,1355.06
27.46,77.98,492.97,1999.29
17.17,43.46,569.63,1631.12
28.43,32.16,726.38,1036.59
29.67,69.84,553.88,1724.08
33.64,77.82,797.42,673.13
25.79,27.04,897.33,448.74
18.19,36.79,783.82,727.12
22.09,29.94,742.73,944.66
24.08,44.36,667.23,1216.93
31.15,51.52,636.17,1384.21
29.27,72.42,524.9,1856.97
23.9,65.58,659.07,1215.77
39.66,63.46,676.3,1202.04
30.14,44.67,878.38,480.39
20.93,78.9,841.77,455.86
17.54,52.99,647.27,1281.86
18.82,88.54,659.26,1101.09
21.15,64.39,544.67,1742.69
19.02,28.84,814.5,657.09
19.66,67.33,845.19,439.95
22.13,42.76,695.24,1118.46
19.33,68.04,755.88,779.97
37.42,24.87,912.39,479.38
17.01,32.24,589.34,1559.36
28.11,79.9,817.15,578.55
25.26,35.9,647.64,1373.31
39.56,78.59,760.91,849.68
17.8,39.55,804.56,677.59
24.95,65,708.14,1007.6
39.24,68.59,568.19,1682.31
36.64,55.89,730.55,1027.35
35.43,41.37,599.53,1601.23
21.45,34.89,837.12,600.78
19.27,22.32,581.27,1636.43
31.72,41.28,792.54,779.09
38.23,65.72,619.33,1483.83
28.92,85.68,628.55,1305.25
29.29,80.98,521.09,1886.63
22,73.62,694.59,1019.72
34.24,75.19,845.14,505.86
19.68,66.55,858.86,430.65
23.09,38.22,562.33,1722.97
25.64,83.5,643.68,1239.58
27.69,66.95,569.5,1640.39
21.06,59.23,761.87,775.08
17.87,27.77,739.2,952.13
30.27,51.29,889.36,448.17
22.22,52.23,516.57,1938.39
29.53,80.52,598.37,1468.59
18.86,58.27,519.92,1893.13
27.03,46.63,772.84,824.79
28.31,88.38,611.93,1378.34
16.3,27.75,607.54,1485.6
23.42,49.58,743.14,908.08
18.36,22.94,563.74,1756.97
16.58,71.79,500.65,1915.46
39.75,84.27,543.13,1815.77
23.06,39.6,591.46,1582.51
35.25,80.08,750.84,843.94
21.37,40.46,764.37,850.59
32.04,83.75,507.2,1941.38
34.01,72.78,882.02,416.46
29.89,76.34,584.64,1545.68
26.79,21.26,618.07,1529.99
25.3,87.4,605.95,1396.3
23.72,70.87,499.79,1984.17
38.24,41.33,767.07,899.01
35.77,78.06,726.46,943.95
39.13,39.71,886.82,526.3
18.11,81.09,662.78,1108.48
33.27,27.88,796.76,817.68
38.46,69.26,734.8,949.42
19.53,57.85,543.55,1735.31
16.66,26.76,523.68,1896.78
33.53,36.93,825.51,697.17
29.36,20.87,747.56,996.01
36.05,52.81,535.88,1885.81
18.49,41.09,855.26,498.89
34.88,61.89,852.11,547.78
20.04,40.81,817.69,660.47
19.09,40.99,630.71,1352.34
19.11,72.02,793.65,640.76
35.36,23.37,544.96,1948.92
31.63,83.2,675.99,1114.74
28.08,79.66,656.31,1202.43
23.97,66.75,758.66,794.65
36.93,61.53,691.99,1153.54
24.81,82.46,598.42,1459.06
35.41,32.97,608.15,1601.88
25.98,25.53,600.1,1606.19
24.42,36.77,649.9,1324.63
26.57,75.62,519.26,1846.98
22.53,22.43,574.72,1707.85
33.69,60.8,589.51,1611.28
27.57,89.68,827.4,488.97
20.81,79.9,848.97,411
37.49,56.5,804.45,739.92
24.6,24.45,625.45,1461.64
28.59,78.2,688.98,1057.92
37.66,61.93,717.9,1043.85
30.61,28.05,555.8,1815.34
17.92,26.57,540.4,1832.9
38.5,83.67,532.64,1854.68
30.69,66.84,737.73,902.2
23.37,78.05,580.15,1505.69
18.48,81.53,728.18,834.61
34.85,60.02,809.16,704.98
30.5,56.22,805.16,695.41
28.34,50.13,737.66,947.37
37.35,42.19,722.04,1087.93
34.71,50.42,563.65,1729.52
18.79,74.17,802.96,591.83
22.79,62.13,580.77,1575.88
21.21,82.48,632.86,1250.33
33.6,51.04,772.25,860.71
15.84,62.5,650.73,1188.51
29.25,64.19,750.97,879.91
34.06,61.42,641.57,1353.73
36.92,69.18,699.41,1094.15
23.55,36.62,819.54,663.05
35.53,55.87,845.37,586.53
17.77,27.3,663.77,1274.71
36.16,46.92,546.87,1843.86
18.19,54.14,718.19,950.33
24.93,65.66,583.83,1572.8
34.93,86.54,602.47,1453.86
18.75,62.05,517.77,1890.49
20.73,72.05,549.77,1713.57
33.06,55.44,653.16,1306.57
33,64.39,618.54,1451.25
31.03,24.97,554.28,1837.42
32.35,37.81,732.65,1039.23
28.57,45.33,750.01,922.87
21.29,53.07,876.2,417.3
23.64,23.2,571.27,1722.48
19.54,29.8,567.89,1681.57
37.71,39.38,870.85,567.13
29.58,88.01,618.65,1322.97
25.02,43.19,689.57,1142.37
26.55,53.74,834.53,589.93
38.68,33.73,536.8,1968.91
18.83,62.75,774.98,743.51
29.66,39.65,876.59,507.57
27.65,34.49,648.68,1351.76
30.29,56.16,590.64,1582.19
15.45,20.39,881.89,451.91
36.8,20.54,643.15,1453.95
38.3,35.33,684.7,1251.67
29.13,22.57,867.79,565.22
32.42,27.56,831.5,676.04
38.06,43.72,668.27,1308.76
32.68,76.18,744.13,874.17
18.81,60.04,508.95,1901.31
29.41,55.89,565.15,1709.98
30.17,40.54,525.12,1973.71
25.6,85.22,743.5,815.47
33.41,47.79,525.54,1951.56
38.36,26.1,736.19,1089.97
38.14,63.19,743.51,956.03
26.27,27.97,886.88,480.56
17.83,44.17,853.49,484.42
39.62,55.52,618.71,1507.22
35.97,81.2,685.05,1132.69
18.12,54.55,767.25,762.43
38.02,69.16,641.13,1382.35
36.75,89.5,757.23,804.57
27.97,29.2,660.95,1324.21
29.78,39.23,740.08,974.73
24.98,47.62,562.77,1717.68
16.37,49.53,546.83,1713.11
23.38,48.77,677.67,1163.76
35.07,83.53,717.06,961.31
15.12,69.98,697.79,980.1
23.34,62.55,560.51,1689.14
24.95,41.66,748.16,925.09
28.43,77.67,767.14,734.49
38,86.85,844.47,535.5
23.66,77.48,665.12,1146.71
23.67,20.11,694.95,1171.41
33.44,64.55,556.99,1745.45
26.31,23.58,809.13,753.98
20.62,38.03,718.64,1009.59
26.31,24.17,582.29,1693.45
18.52,62.27,544.81,1717.8
19.41,68.06,694.95,1015.38
27.46,28.01,704.17,1134.6
25.47,46.87,749.06,885.26
37.87,51.94,540.55,1892.09
24.06,45.83,835.89,589.83
29.51,28.47,545.02,1894
30.81,49.33,616.39,1494.19
15.33,72.58,633.99,1250.52
31.59,24.97,905.24,452.25
19.45,25.61,692.88,1160.95
39.03,44.83,727.2,1052.4
18.72,85.92,770.75,657.95
25.37,66.8,602.9,1450.26
17.13,67.51,502.61,1953.84
39.92,45.33,674.57,1299.5
27.55,61.56,593.63,1543.61
29.88,20.71,892.91,509.52
16.68,64.53,679.38,1068.27
33.75,83.93,820.14,586.17
20.25,62.88,616.58,1380.47
37.45,81.16,524.74,1901.57
20.13,70.68,595.03,1458.84
19.77,28.44,859.98,522.88
15.91,83.17,693.83,967.47
26.8,24.65,675.05,1281.06
29.12,57.38,708.1,1045.13
16.64,29.95,559.09,1733.83
34.39,20.82,587.62,1703.47
26.33,49.54,625.58,1378.93
28.11,40.65,733.41,997.53
26.02,54.02,771.21,808.54
25.02,60.4,830.28,569.4
28.99,23.06,748.63,967.84
18.88,28.61,710.83,1061.08
19.55,59.1,590.13,1481.32
36.54,44.02,637.4,1453.06
38.65,71.04,856.61,512.17
24.33,65.66,704.56,1032.41
21.77,79.19,777.72,690.85
31.1,68.47,806.5,650.9
25.22,50.1,556.27,1723.68
15.63,67.11,838.95,467.06
18.9,39.28,699.54,1070.69
32.9,41.44,829.55,669.13
31.47,75.23,535.17,1806.93
15.68,51.25,632.57,1291.26
20.55,75.89,747.36,770.21
20.78,77.57,647.93,1203.88
31.8,80.03,578.75,1570.38
15.49,84.16,491.03,1932.99
17.6,50.17,776.47,752.71
35,42.32,560.15,1817.89
19.46,60.75,514.76,1894.89
31.32,45.98,540.19,1866.27
20.95,62.08,612.12,1416.66
17.49,69.39,599.49,1407.71
21.08,68.19,691.92,1045.14
33.06,46.22,596.92,1603.84
36.39,31.68,690.02,1250.07
35.76,50.14,615.58,1483.9
24.93,29.98,711.18,1085.53
31.7,82.31,576.29,1570.39
20.12,44.21,558.54,1719.15
22.33,30.81,832.08,634.3
37.41,21.78,592.45,1732.69
15.33,65.21,633.11,1264.47
17.14,64.58,535.96,1751.47
20.2,43.84,699.64,1090.08
15.66,25.02,724.39,1006.46
19.54,48.67,531.56,1864.1
29.58,41.79,787.03,801.87
25.54,67.4,541.67,1750.74
37.32,62.4,682.15,1174.43
35.44,45.52,679.03,1222.55
23.55,35.25,759.14,893.55
21.49,89.16,619.28,1316.87
24.49,51.78,744.94,920.34
29.76,68.18,864.93,462.83
21.7,29.84,777.56,835.2
30.6,53.99,890.74,410.21
25.24,21.93,525.3,1965.37
28.8,55.38,521.61,1945.2
25.9,87.48,688.62,1032.25
22.36,46.89,590.51,1565.39
38.71,22.73,774.61,953.29
34.09,22.17,640.16,1473.75
18.5,47.16,564.69,1688.69
36.71,31.2,549.72,1914.81
27.19,21.63,735.83,1040.34
37.36,72.93,576.88,1653.28
35,52.1,781.58,825.49
25.63,40.25,514.97,1984.53
15.56,83.01,834.02,441.23
21.72,28.13,639.59,1365.65
28.54,86.91,599.49,1455.21
30.84,41.98,613.25,1500.87
21.45,82.19,799.78,592.62
18.48,62.21,509.99,1901.65
35.87,77.87,799.85,689.89
39.61,88.88,620.63,1396.41
28.14,40.19,792.83,756.28
19.29,87.28,713.95,891.55
21.81,47.26,650.7,1274.33
15.46,46.99,695.44,1067.51
37.86,43.83,839.09,656.36
17.94,57.9,791.7,673.5
29.41,30.79,720.57,1069.03
21.85,58.76,571.41,1611.65
28.85,57.92,536.31,1836.74
31.29,73.33,841.7,534.6
35.74,78.36,713.49,1028.97
20.16,50.83,829.48,560.39
15.27,41.16,874.96,426.55
18.42,38.15,606.34,1458.75
37.5,33.62,657.5,1363.92
36.85,24.04,849.6,660.83
29.94,43.97,788.47,774.1
30.01,38.92,891.34,437.93
31.63,87.65,544.61,1735.92
19.38,59.04,504.2,1959.5
37.86,44.31,851.58,616.74
25.47,60.63,775.79,770.36
24.58,29.74,558.29,1789.46
27.97,51.08,533.97,1882.34
16.17,63.84,680.92,1071.4
19.16,54.22,847.11,481
33.45,48.12,889.59,463.03
17.07,89.57,607.72,1318.32
30.08,81.62,695.26,1028.63
21.13,63.64,856.03,445.84
24.73,59.86,632.05,1333.2
22.22,63.45,865.71,418.08
23.89,34.09,581.13,1659.8
32.98,47.66,763.93,890.29
22.43,22.76,885.83,464.41
29.16,53.29,641.4,1341.36
26.9,58.01,712.11,1036.3
31.59,35.94,531.19,1958.08
38.42,87.48,654.52,1270.72
33.31,83.66,752.56,840.38
20.37,70.55,583.62,1535.1
15.78,57.34,740.03,834.39
21.56,80.9,518.22,1846.79
29.88,29.15,743.06,999.56
16.29,75.34,624.28,1279.79
27.41,28.74,887.68,480.92
29.92,75.59,692.27,1081.79
23.36,39.3,563.67,1731.78
34.27,81.4,556.09,1689.04
17.66,86.08,747.27,758.91
16.88,30.42,783.99,761.73
33.2,52.39,571.27,1707.69
27.39,88.67,509.26,1888.64
32.21,53.84,851.3,552.58
25.87,80.45,673.72,1120.09
21.16,61.21,719.14,939.93
35.48,46.27,565.71,1793.1
34.99,40,868.67,533.64
32.37,34.23,812.62,737.8
21.8,73.33,567.43,1603.95
29.76,47.06,876.77,482.07
24.02,55.79,669.45,1188.06
17.29,54.46,680.37,1107.37
37.93,60.41,749.95,935.04
18.42,80.59,681.41,1031.32
38.76,88.65,657.24,1247.9
26.15,48.53,818.18,658.19
19.63,77.93,623.53,1315.19
28.55,73.52,554.09,1688.69
36.82,60.15,588.49,1616.26
33.31,86.92,797.91,646.24
35.16,34.03,844.88,638.8
31.47,27.65,793.68,829.08
32.31,79.78,713.54,977.72
36.23,50.74,724.9,1053.53
21.24,79.29,582.26,1487.52
27.24,82.52,842.61,490.69
20.53,24.37,883.83,455.48
39.69,81.84,712.36,1027.06
38.6,51.38,619.87,1515.46
15.99,55.73,777.4,709.5
32.64,63.86,624.34,1426.41
38.13,84.85,757.81,815.73
19.51,21.34,555.38,1817.74
29.2,53.38,541.3,1833.1
37.89,68.14,756.51,875.66
15.85,70.59,750.84,767.99
32.44,68.48,706.15,1058.09
22.43,29.41,787.4,784.85
38.11,40.96,629.65,1475.81
39.28,45.11,578.1,1721.7
38.61,76.31,606.53,1476.95
26.86,39.51,574.14,1718.96
36.55,34.75,737.88,1035.19
36.11,87.02,804.67,650.11
22.98,20.62,603.79,1580.72
35.72,89.85,709.74,976.76
15.93,67.38,589.16,1474.03
29.91,77.99,752.61,833.03
20.75,40.62,849.9,529.97
18.01,21,521.28,1988.13
16.92,71.65,787.51,649.92
32.41,78.39,507,1981.47
23.5,71.83,500.34,1963.65
33.12,30,587.68,1670.11
16.63,72.74,588.82,1455.08
22.88,73.82,626.12,1324.49
28.49,66.1,544.2,1785.76
34.77,73.63,746.1,863.1
22.97,79.21,661.71,1148.29
30.65,62.95,628.04,1391.02
37.15,26.2,739.96,1057.9
30.4,54.13,708.65,1083.98
20.82,25.44,752.32,928.46
15.61,48.53,641.23,1302.77
36.75,48.5,565.51,1760.92
15.53,24.62,802.08,722.45
36.87,44.42,547.6,1895.09
28.22,27.77,626.12,1502.54
38.48,76.58,557.28,1717.24
34.97,86.34,639.4,1289.91
39.95,25.06,605.64,1647.23
23.77,86.86,848.26,425.92
34.18,56.58,571.08,1709.41
25.05,40.97,874.92,464.22
27,25.38,556.03,1823.86
30.69,55.04,507.24,1987.14
36.84,75.62,756.88,870.51
39.6,69.5,796.18,736.51
34.21,23.52,605.81,1624.58
25.44,25.1,790.82,804.84
25.53,48.2,552.85,1784.9
33.44,40.67,852.92,564.55
20.97,36.27,833.34,601.53
17.76,39.67,511.44,1966.64
23.87,76.24,591.05,1478.14
22.18,85.05,536.43,1755.02
22.41,48.36,736.26,918.93
20.84,83.43,586.05,1482.37
16.05,42.5,631.99,1350.79
15.45,53.35,624.14,1365.04
39.69,35.82,631.47,1492.05
25.69,64.83,633.43,1320.57
24.61,88.53,675.32,1086.5
31.99,62.24,764.54,841.48
20.46,45.05,571.09,1629.73
38.75,65.35,791.03,762.04
34.66,28.6,629.54,1507.77
17.24,82.21,746.15,773.33
25.44,55.22,621.77,1400.53
36.98,51.45,589.42,1595.33
38.62,61.01,800.99,749.94
26.69,63.73,847.26,495.91
30.34,25.02,849.88,609.56
19.18,67.78,606.13,1369.6
39.78,36.94,578.99,1759.11
20.79,69.98,843.14,471.99
38.57,77.58,588.16,1574.64
31.24,76.28,728.55,946.11
30.19,58.68,683.37,1165.65
27.82,56.41,533.23,1886.18
20.77,30,742.55,931.15
19.41,74.27,661.12,1144.54
20.51,39,879.25,421.89
19.66,54.77,835.84,530.56
34.49,39.9,791.21,813.75
23.75,29.37,893.37,444.56
16.45,64.07,605.31,1410.2
39.23,23.8,741.18,1082.24
37.09,72.41,657.27,1277.03
38.19,42.23,840.88,679.44
39.87,20.01,798.24,873.49
19.35,55.78,599.88,1462.12
24.91,23.28,532.48,1944.48
33.96,39.33,886.98,480.67
32.4,69.49,542.07,1824.61
18.85,24.39,651.32,1323.01
35.4,78.75,641.22,1302.27
20.61,20.27,684.5,1200.45
20.6,37.28,860.93,511.03
28.42,71.86,832.39,543.8
29.82,42.14,644.41,1361.46
29.5,27.13,763.5,945.53
17.29,45.22,523.74,1867.63
36.94,38.93,733.3,1050.54
21.64,78.99,793.65,629.25
18.24,41.93,587.63,1543.55
37.22,75.23,755.05,869.37
38.89,82.43,655.69,1240.75
36.55,50.37,617.9,1516.53
35.24,83.7,526.73,1840.42
31.38,46.41,582.21,1667.51
28.77,87.49,593.97,1482.18
17.17,26.25,615.2,1487.41
25.21,68.09,515.15,1913.48
24.32,54.57,748.4,873.32
21.49,47.14,883.31,401.78
33.09,64.29,769.54,835.13
27.4,69.27,773.56,748.63
17.03,20.31,618.86,1458.94
20.5,31.69,631.44,1413.94
32.08,69.91,631.57,1349.54
16.9,66.65,849.65,425.99
36.28,87.62,577.45,1566.04
27.38,73.27,726.66,917.65
27.01,86.55,592.54,1464.09
29.81,69.18,645.61,1290.53
35.62,40.86,759.43,948.37
23.7,27.38,842.89,615.32
31.95,74.73,833.54,551.07
29.14,65.09,553.79,1730.43
21.68,23.37,543.87,1869.44
36.97,45.2,639.85,1439.66
34.94,86.98,824.72,565.49
31.46,55.03,714.17,1043.24
36.26,50.29,601.35,1566.3
36.68,52.04,582.42,1647.71
32.71,34.62,860.28,589.15
35.93,45.81,914.37,400.05
32.44,45.89,610.03,1539.42
32,23.66,757.62,970.55
30.47,73.73,765.52,807.17
33.82,49.16,897.78,420.64
18.97,77.55,634.3,1264.48
37.02,79.52,548.63,1761.84
36.8,34.84,538.66,1932.21
15.73,66.01,627.51,1305.19
35.65,53.06,680.12,1223.14
18.22,81.61,811.15,536.09
23.38,35.1,661.85,1278.2
33.59,67.45,718.36,1007.97
19.02,62.54,625.01,1371.42
35.45,40.67,740.81,1021.96
35.8,29.56,812.65,784.48
27.69,65.61,834.93,551.94
15.16,71.7,718.15,903.87
22.18,42.09,845.97,554.63
30.42,65.14,801.97,683.04
39.53,47.66,526.78,1979.74
30.8,69.92,687.34,1110.57
21.5,33.95,656.34,1250.99
30.85,82.32,534.47,1797.79
28.5,40.12,516.39,1992.91
34.5,45.75,661.64,1332.34
17.67,24.07,570.47,1699.96
34.03,27.81,766.98,923.11
28.53,56.11,749.93,889.19
39.07,38.73,734.76,1044.33
23.55,78.48,592.63,1476.01
30.82,21.03,632.71,1491.51
38.3,46.54,770.88,904.38
17.56,43.61,815.89,613.14
38.43,21.35,659.36,1411.83
32.2,28.71,853.25,605.32
16.7,48.95,635.41,1325.59
22.52,54.5,599.08,1509.48
32.7,48.3,612.56,1520.98
16.68,57.17,569.41,1605.56
29.55,61.66,545.33,1796.58
23.65,20.69,694.97,1199.93
30.52,52.49,595,1568.4
16.14,87.44,594.93,1390.68
36.79,56.33,811.42,698.62
39.34,67.43,883.38,441.1
39.22,41.83,786.6,855.27
33.74,74.18,692.43,1108.85
18.25,74.1,605.23,1387.37
33.96,56.49,558.05,1759.93
15.61,88.32,750.62,713.99
15.55,28.79,828.9,600.88
23.09,21.19,532.32,1941.57
27.22,73.91,816.1,572.87
34.26,76.5,678.51,1165.59
32.08,28.41,661.75,1336.9
26.15,38.59,668.02,1266.2
21.84,21.23,862.46,537.65
39.93,40.53,897.59,491.24
25.65,74.12,821.27,568.77
26.28,56.26,639.52,1336.94
19.09,44.37,648.49,1270.95
34.87,46.02,799.58,773.99
32.34,20.09,646.6,1420.44
20.52,40.99,561.06,1712.11
17.06,65.25,845.24,466.53
32.01,88.19,658.71,1197.01
31.36,79.29,594.35,1502.9
21.83,21.65,786,803.7
38.77,82.9,745.87,892.43
18.78,74.82,607.46,1381.82
25.81,74.63,518.3,1836.7
38.59,52.06,581.65,1695.88
25.49,47.86,643.52,1333.01
30.96,41.2,606.89,1568.35
24.94,24.6,739.95,983.72
21.86,35.98,616.04,1425.54
39.6,37.26,714.86,1145.89
25.23,53.89,797.78,703.9
37.35,72.32,596.21,1522.78
20.75,53.17,640.62,1290.34
20.33,24.05,747.98,973.79
15.78,87.05,503.66,1858.14
31.29,85.99,860.28,433.49
24.21,74.96,723.44,905.24
36.61,89.39,840.27,491.01
26.83,58.11,575.84,1626.44
39.2,87.39,593.38,1523.37
19.64,25.29,747.63,930.16
36.72,45.6,625.85,1481.06
34.41,35.78,737.05,1033.5
34.27,33.71,602.3,1610.01
36.12,29.86,715.25,1126.69
34.03,63.57,710.5,1059.65
30.66,74.69,513.68,1895.57
18.28,60.48,748.05,801.41
15.81,30.29,834.45,592.72
38.02,76.78,641.73,1335.27
30.42,64.52,514.65,1950.91
34.91,47.17,731.77,1004.54
27.04,67.19,845.47,499.26
17.93,38.19,732.8,942.89
18.13,44.16,659.63,1209.49
32.14,84.22,793.37,659.08
25.76,40.34,624.12,1452.96
20.01,52.9,506.54,1996.4
27.29,82.31,670.02,1122.78
16.61,69.54,705.22,967.57
29.55,24.35,729.51,1041.13
21.72,30.31,846.71,584.23
34.94,20.55,566.9,1813.24
22.76,64.16,692.85,1063.72
26.38,51.34,716.21,1019.64
15.29,29.4,619.23,1455.5
16.81,87.06,654.95,1107.25
24.81,57.08,615.95,1437.17
27,36.93,873.11,498.31
30,55.04,566.14,1701.96
22.29,67.57,512.62,1904.81
32.37,25.34,640.41,1438.02
36.5,39.23,538.78,1927.31
34.5,76.49,810.31,642.29
15.99,52.18,667.74,1163.87
27.01,58.26,632.46,1362.89
17.62,50.3,634.9,1330.78
21.05,23.07,726.52,1042.34
39.67,31.6,768.22,940.94
18.56,51.19,819.44,602.92
27.47,34.64,725.04,1026.79
30.45,23.5,844.35,660.26
32.56,79.06,582.93,1574.99
28.99,88.68,760.74,734.13
15.24,75.52,822.62,493.7
23.16,79.76,629.52,1283.79
27.94,36.94,647.02,1352.37
17.2,87.24,521.44,1795.06
23.77,33.78,650.6,1323.17
15.83,86.6,690.64,952.77
16.96,89.64,536.25,1684.82
24.92,69.82,646.17,1264.45
18.32,88.68,806.46,526.85
29.19,59.87,650.42,1305.36
32.24,38.17,550.67,1852.83
35.01,50.59,719.43,1034.1
20,61.55,735.58,874.12
19.19,25.12,829.6,629.55
17.61,63.56,795.54,642.31
30.91,88.68,670.74,1092.43
32.66,33.31,665.55,1353.09
15.79,75.48,814.82,528.98
38.41,83.55,521.94,1903.31
16.3,86.06,555.55,1608.21
28.53,87.21,628.13,1338.6
32.73,56.5,566.88,1725.5
36.77,88.41,839.83,528.3
32.85,73.01,676.12,1162.94
35.04,31.32,648.96,1408.15
23.49,53.38,554.11,1725.84
35.37,70.28,570.96,1653.55
17,37.31,756.73,843.31
37.37,64.84,525.92,1905.41
28.69,66.66,821.49,598.95
35.43,31.39,561.3,1800.21
26.31,59.56,513.34,1953.5
31.09,74.01,795.48,683.45
28.16,54.92,594.83,1555.31
33.29,20.85,908.08,464.46
17.04,20.63,727.46,1048.68
16.51,44.99,662.24,1226.05
21.18,84.83,611.5,1329.03
18.99,36.01,528.23,1897.5
36.79,64.41,613.86,1475.6
20.48,35.55,679.69,1170.04
39.4,42.52,581.61,1695.48
23.42,79.36,506.68,1920.85
19.55,71.02,848.49,435.31
34.74,26.68,538.2,1972.03
31.47,50.01,861.51,537.81
27.45,22.04,586.52,1703.02
28.88,53.66,760.6,848.54
32.98,66.37,826.82,611.49
20.71,28.3,706.14,1103.77
39.91,40.22,643.36,1430.33
39.37,47.85,738.34,1009.52
31.26,84.37,848.36,487.3
19.99,89.53,605.2,1359.14
32.01,23.14,560.64,1843.85
16.8,73.27,686.85,1013.14
15.77,46.02,772.63,746.13
21.44,47.47,689.16,1108.12
26.57,72.8,848.12,477.38
36.71,84.29,551.87,1712.78
33.18,86.57,548.21,1722.15
33.57,60.4,638.8,1340.8
25.64,45,730.9,964.96
23.65,75.13,554.58,1679.65
24.28,37.57,660.91,1287.5
39.69,59.49,569.79,1721.49
16,45.1,613.07,1410.33
36.68,65.96,574.03,1655.05
29.47,36.83,649.04,1357.7
25.97,33.41,720.35,1062.63
33.13,84.28,513.33,1932.71
27.17,27.13,673.26,1265.78
36.84,55.42,641.66,1368.14
37.52,35.46,818.28,752.78
25.54,22.73,641.72,1401.04
21.92,22.52,657.79,1314.57
29.81,32.27,828.08,695.74
37.81,80.67,857.71,495.34
20.27,39.77,634.91,1366.97
30.57,86.53,560.98,1621.91
30.79,60.71,664.55,1237.44
33.33,50.56,799.18,762.84
18.29,60.61,596.52,1466.44
32.9,56.17,862.63,528.17
37.73,73.11,699.64,1106.93
19.49,39.77,816.03,661.39
20.94,44.71,800.71,695.13
39.28,82.59,791.99,723.67
19.52,86.25,687.05,1018.73
36.36,82.48,856.55,481.84
27.31,49.36,713.94,1036.47
21.18,74.63,644.96,1218.73
36.77,53.34,692.86,1173.27
26.13,54.83,711.91,1012.45
27.87,34.33,567.4,1742.63
23.98,61.38,812.26,632.52
29.82,33.03,681.17,1209.11
19.09,43.21,859.35,499.27
24.78,79.85,832.21,513.85
39.24,34.5,672.14,1318.19
21.45,24.98,660.94,1305.63
31.42,24.83,564.77,1804.85
23.13,85.85,628.86,1292.6
34.34,55.48,529.42,1935.67
18.27,48.66,850.59,477.91
39.25,76.76,844.49,556.81
26.34,78.51,844.57,470.51
20.9,43.25,800.75,696.44
16.84,68.55,631.84,1266.03
19.24,73.98,603.14,1432.92
27.99,65.83,861.55,472.94
23.43,30.61,529.79,1913.55
35.72,81.31,544.97,1747.46
25.77,57.74,747.38,874.58
21.22,39.77,855.28,523.5
30.43,49.77,818.36,671.82
32.67,22.63,867.93,603.11
19.18,28.95,840.07,597.25
19.19,73.59,644.98,1229.7
15.92,20,784.73,793.36
33.41,49.16,736.29,973.02
31.6,56.58,513.73,1983.21
26.87,23.82,627.72,1494.9
36.1,88.12,513.81,1918.37
35.14,35.83,851.2,628.09
29.63,41.29,729.99,1011.42
36.71,41.28,669.76,1287.57
20.15,36.13,854.98,522.81
17.8,20.1,901.59,406.7
21.74,71.05,592.18,1472.69
16.43,87.68,586.47,1426.91
28.28,35.7,718.48,1057.26
38.42,66.41,686.28,1183.43
15.98,71.93,675.95,1064.71
18.05,79.39,844.36,438.41
26.3,49.58,744.04,936.59
38.35,41.21,833.91,683.33
22.9,42.77,841.07,557.48
27.68,69.88,506.39,1930.75
16.04,77.17,602.86,1358.98
18.71,32.71,589.77,1565.85
39.67,45.97,774.61,904.58
39.13,83.14,709.82,1029.04
15.12,76.47,744.46,779.08
38.8,88.94,825,555.15
30.98,72.8,791.86,686.45
36.7,47.52,586.51,1676.02
26.37,61.34,604.18,1484.07
27.89,66.27,647.34,1275.09
27.22,25.49,703.16,1160.14
31.67,58.11,538.35,1875.89
18.49,69.65,825.49,516.38
15.75,31.71,759.83,848.96
22.7,74.64,710.38,959.9
32.62,60.86,583.66,1651.88
20.05,86.66,480.06,1988.02
31.84,22.97,811.26,785.07
39.25,38.57,566.63,1798.89
17.35,62.11,545.1,1729
31.82,40.76,800.21,759.45
26.09,70.01,698.28,1038.93
36.7,73.13,709.05,1055.48
19.43,27.18,529.77,1965.15
32.32,55.97,813.07,689.43
35.95,55.62,575.04,1678.65
38.62,45.85,759.47,934.71
32.08,85.3,576.45,1569.39
27.43,77.93,681.08,1072.02
30.45,68.8,637.06,1325.38
36.72,70,561.86,1732.18
29.27,52.32,566.45,1686.66
15.76,84.47,522.08,1786.28
38.27,68.62,868.06,495.39
32.24,71.03,597.21,1507.28
31.91,80.32,807.95,623.98
20.39,39.19,710.62,1065.31
31.47,76.49,647.3,1277.74
24.85,33.67,721.18,1044.38
31.28,44.17,676.35,1231.38
17.66,43.49,505.03,1994.44
31.45,88.5,801.39,616.35
39.99,79.96,602.19,1480.73
16.21,69.08,692.91,1033.6
39.43,70.89,832.08,612.82
25.17,59.35,807.62,653.98
36.77,86.3,515.35,1918.84
34.56,54.74,548.93,1807.36
29.18,46.64,540.86,1851.27
33.46,31.41,523.75,1986.45
36.96,75.03,797.13,733.3
25.1,71.41,709.55,968.7
23.18,46.9,607.84,1470.75
31.69,21.76,705.4,1174.08
35.2,78.73,701.31,1069.42
34.06,20.8,762.74,972.5
34.95,69.26,634.1,1350.05
25.89,87.92,624.86,1320.95
35.45,50.64,831.18,658.33
18.01,36.45,684.12,1154.78
28.61,69.34,646.55,1285.55
15.14,77.2,623.67,1312.46
23.11,58.25,787.93,736.17
24.16,87.69,561.68,1587.63
24.9,23.62,904.89,440.32
32.39,55.34,737.1,967.73
24.71,70.29,564.11,1648.34
26.22,80.38,625.11,1302.23
20.94,32.55,774.88,817.86
24.33,76,583.67,1511.92
20.68,58.69,638.67,1307.83
16.83,47.76,564.68,1673.99
30.09,29.22,601.2,1576.04
31.71,80.57,620.79,1376.17
30.49,31.01,700.52,1181.08
26.59,41.69,834.36,613.09
24.49,40.3,777.2,818.13
36.58,81,698.39,1070.56
