Temperature_C,Humidity_%,IR_Value,CO2_ppm
24.36,32.96,3.3245,803.96
38.77,57.93,3.3638,780.11
33.3,81.11,2.1232,1848.13
29.97,71.26,3.2367,784.26
18.9,76.46,3.1288,820.56
18.9,66.11,2.2993,1610.23
16.45,68.46,2.7828,1108.58
36.65,79.44,2.3223,1638.27
30.03,37.48,3.7715,485.89
32.7,54.26,2.8536,1169.87
15.51,35.48,3.754,434.45
39.25,89.14,3.6545,481.5
35.81,86.08,2.1004,1848.43
20.31,22.76,3.6052,605.58
19.55,69.39,2.6489,1242.52
19.59,84.77,2.8429,1045.97
22.61,32.64,3.1196,942.7
28.12,59.76,2.1328,1837.73
25.8,84.08,3.676,415.35
22.28,22.38,2.5819,1455.34
30.3,68.82,2.0515,1940.7
18.49,40.81,2.6727,1287.47
22.3,84.71,2.024,1897.65
24.16,87.97,3.5938,464.66
26.4,86.1,2.8595,1058.45
34.63,53.19,3.3325,801.46
19.99,80.34,2.3073,1563.93
27.86,79.12,1.9851,1969.7
29.81,42.34,3.3261,795.58
16.16,78.02,2.4181,1439.76
30.19,22.59,3.5196,700.92
19.26,61.74,2.6084,1295.84
16.63,36.1,2.8564,1131.57
38.72,28.44,2.1606,1954.65
39.14,25.39,2.7458,1365.81
35.21,68.74,3.0785,946.2
22.62,43.79,3.5927,564.84
17.44,70.73,3.3708,625.02
32.11,24.57,3.4828,745.01
26.0,42.07,3.3283,786.57
18.05,57.76,2.161,1758.0
27.38,75.35,2.622,1289.18
15.86,42.31,2.7091,1227.89
37.73,63.81,3.6225,565.93
21.47,82.02,2.1269,1773.43
31.56,63.11,2.4049,1550.96
22.79,36.31,3.7245,489.62
28.0,21.71,2.5176,1526.69
28.67,80.91,2.6553,1260.53
19.62,21.49,3.7307,512.4
39.24,81.23,2.8546,1122.45
34.38,57.03,2.8581,1165.21
38.49,85.73,3.4325,648.55
37.37,75.91,2.0879,1912.03
29.95,89.86,2.1775,1756.96
38.05,44.55,2.5985,1463.82
17.21,73.7,2.7404,1128.92
19.9,48.14,2.9438,1047.06
16.13,53.59,2.4893,1434.58
23.13,63.93,2.6553,1263.6
24.72,81.16,3.603,480.88
21.78,88.89,2.6635,1210.25
35.72,73.78,2.2745,1686.37
23.92,49.24,2.8573,1123.97
22.02,49.49,3.7273,464.17
28.57,71.63,2.291,1653.77
18.52,36.71,3.3986,706.21
35.05,27.73,3.4124,798.97
16.86,44.82,3.4392,646.82
39.67,40.11,3.2309,914.95
34.31,40.74,2.444,1605.94
19.97,36.35,2.782,1221.41
15.14,22.95,3.4056,711.91
35.39,21.25,2.2978,1802.08
32.67,89.14,2.1174,1804.92
33.23,49.94,2.2403,1790.34
34.28,46.9,3.3889,766.85
16.85,67.58,2.7879,1111.01
23.96,35.28,2.0787,1975.68
17.9,86.5,2.2229,1630.66
36.58,75.04,3.7943,424.01
30.58,26.26,3.8257,485.63
23.27,49.23,2.8539,1131.57
16.59,81.54,2.0402,1852.94
22.77,86.13,2.6185,1252.7
23.13,52.72,2.7779,1186.46
33.24,62.94,3.6208,550.87
30.94,31.69,2.6107,1443.98
37.18,89.38,2.2284,1711.81
26.81,36.22,3.0576,996.28
17.99,85.99,2.2402,1636.49
32.83,65.48,2.0828,1942.45
34.02,62.54,3.3922,710.1
29.03,55.89,2.7665,1227.79
34.27,36.15,3.3089,845.16
27.34,32.36,2.3669,1664.42
28.07,35.43,2.7168,1315.7
25.69,33.05,2.6069,1408.02
15.64,74.57,2.1983,1672.62
17.7,44.51,2.9562,1021.47
15.79,24.05,2.1422,1862.45
30.91,87.84,2.6557,1243.51
22.86,81.87,3.363,635.89
27.71,84.94,2.3821,1507.36
37.69,89.64,2.2834,1665.08
21.23,32.17,3.195,893.15
25.26,47.74,2.2184,1768.63
33.89,73.08,2.1389,1847.95
20.72,68.72,3.1479,828.59
16.92,30.77,2.0541,1973.3
22.24,77.11,3.4148,607.95
19.03,35.71,3.406,707.27
38.24,35.67,3.5766,678.44
35.2,57.59,2.1808,1828.26
30.84,61.51,2.5385,1439.95
36.79,60.61,3.556,626.41
35.09,26.4,3.0269,1093.32
19.66,81.42,2.4865,1376.78
37.31,38.59,3.8018,515.21
28.48,29.07,2.2412,1809.51
35.19,82.21,2.2784,1681.84
37.4,86.9,2.7737,1198.43
22.95,80.35,1.9868,1946.75
17.75,76.67,2.8147,1056.77
20.7,65.87,1.9962,1974.26
25.68,58.56,2.4966,1462.03
35.45,26.09,2.6758,1408.17
36.52,48.59,3.5708,648.85
15.17,46.09,2.1348,1808.72
27.77,38.18,2.9882,1072.53
25.44,70.64,3.4048,642.82
20.55,54.71,3.7992,400.42
18.0,25.67,2.7363,1286.8
23.44,35.41,2.7702,1234.39
38.57,67.83,2.4412,1545.35
23.08,25.33,2.2246,1822.22
27.97,79.58,3.5802,508.64
32.58,54.66,2.4309,1565.02
24.09,53.64,3.405,683.61
39.29,61.47,2.2346,1770.25
39.06,77.73,2.2725,1706.88
21.29,44.35,2.711,1256.09
27.43,67.46,2.4037,1530.59
22.52,59.6,3.1218,889.25
22.12,38.69,2.8515,1143.29
15.92,81.5,2.1664,1711.05
30.24,75.82,2.8229,1124.01
27.57,66.09,3.0289,959.63
16.29,79.54,2.6837,1180.62
21.97,80.71,2.1807,1721.76
37.71,69.59,3.133,923.04
20.99,78.59,3.3378,661.49
18.62,68.82,2.3571,1533.46
27.24,67.61,2.2273,1718.08
39.64,63.3,3.667,543.03
21.05,72.69,3.2001,768.6
31.8,31.1,3.6707,609.99
34.04,81.66,3.054,943.67
20.94,81.03,2.7613,1109.57
33.21,22.05,2.4728,1593.1
24.19,77.81,2.4652,1434.86
30.81,29.02,2.6753,1385.9
30.84,43.46,3.1381,950.85
28.39,72.05,2.2037,1743.15
17.26,31.25,2.8554,1143.49
35.88,77.26,2.0403,1966.15
23.02,78.25,2.4815,1407.31
19.66,55.52,3.4821,584.55
16.02,20.45,2.5194,1475.41
29.77,40.09,3.1839,906.67
31.94,63.18,2.4807,1491.85
15.41,88.68,3.5137,492.82
27.8,64.23,3.425,663.31
20.66,38.19,2.2237,1766.29
31.13,64.38,3.3379,748.03
19.36,57.8,2.2093,1736.01
32.27,74.59,3.1962,832.43
24.67,27.49,2.6102,1421.47
38.42,73.27,2.493,1504.52
18.44,57.89,2.7036,1210.5
23.53,87.41,3.0487,874.6
17.84,43.93,3.3305,724.48
38.12,64.28,3.8326,433.77
36.93,85.24,3.1264,872.39
21.45,27.18,2.5668,1438.12
31.5,85.61,2.053,1900.05
35.43,68.15,2.2129,1791.35
28.88,24.75,2.4403,1621.02
28.24,41.07,2.3425,1657.28
21.05,69.57,2.4441,1457.28
17.33,24.71,3.2896,801.66
37.43,60.75,2.1644,1849.66
37.51,44.21,2.5782,1466.59
30.83,63.46,2.6799,1287.91
23.48,23.2,3.7066,559.8
23.73,81.01,2.8008,1104.23
33.15,88.14,2.7902,1125.78
37.43,87.82,2.1711,1780.59
37.18,72.48,2.7263,1265.57
34.5,29.11,3.1636,996.25
31.05,73.08,2.0136,1962.42
17.1,21.72,3.6223,559.37
19.04,21.55,3.0059,1064.53
37.46,42.65,3.8876,448.08
30.16,54.21,2.399,1578.64
15.23,73.93,2.0459,1867.28
17.54,67.83,3.0929,833.66
31.59,51.21,2.2429,1770.51
15.13,39.15,3.1727,853.39
19.02,89.8,2.0417,1855.45
28.72,49.83,2.3794,1601.42
32.3,51.6,2.3251,1683.95
31.3,31.45,3.9312,409.17
20.61,75.64,2.003,1939.75
32.8,68.56,2.397,1557.21
20.93,35.45,3.1886,873.7
23.13,25.77,2.2945,1723.62
33.66,67.63,3.2254,836.06
31.24,65.82,2.1966,1793.86
36.23,39.13,3.7118,562.38
31.44,86.56,2.3912,1519.97
29.21,30.57,2.7847,1255.93
17.34,50.26,3.5715,536.39
24.19,86.05,3.1799,771.87
21.63,49.38,3.8372,400.09
21.1,64.7,2.7779,1139.4
39.33,47.83,3.2928,868.05
24.83,39.2,2.6605,1349.34
37.3,88.88,3.1425,861.53
30.78,48.65,3.2414,865.87
34.87,82.59,2.3596,1583.97
27.57,36.1,3.8222,457.99
29.42,34.92,2.2046,1842.69
27.31,22.18,2.3098,1760.67
19.88,65.62,2.4542,1461.84
33.06,45.8,2.6792,1341.02
22.02,80.51,2.0763,1825.53
15.61,53.12,3.3511,680.23
31.14,87.77,3.5693,507.93
19.43,32.99,3.3279,768.01
38.51,80.8,2.3116,1667.22
38.85,74.36,3.7851,436.17
37.87,73.96,2.6523,1324.15
24.25,79.13,1.9665,1992.61
15.39,73.27,2.1353,1766.23
38.21,63.84,2.7683,1224.74
25.7,29.19,3.7858,483.1
39.17,22.28,2.3858,1726.83
39.09,84.46,2.615,1350.35
36.33,63.17,3.6161,566.19
22.36,75.76,3.5062,532.05
24.63,53.71,2.1406,1853.6
36.28,28.21,2.6113,1464.1
22.92,28.76,2.285,1723.44
19.24,67.99,2.1166,1803.95
28.92,50.12,2.6874,1306.27
38.4,34.04,2.8776,1218.26
32.4,54.41,2.9327,1077.29
29.25,24.49,3.2645,893.45
17.43,60.74,2.8545,1084.05
30.38,38.83,2.3992,1633.69
39.75,75.83,2.6132,1355.12
18.5,41.73,2.1553,1825.89
27.96,51.87,2.9118,1098.28
36.93,20.81,2.7544,1363.49
33.52,25.07,2.6832,1402.72
32.43,47.47,2.6729,1338.55
32.56,53.6,2.4806,1518.27
23.99,62.0,3.2724,764.64
22.34,40.42,2.7996,1210.03
35.23,68.65,3.6252,548.84
35.25,80.21,2.9897,1002.91
36.68,74.59,2.8139,1170.02
37.83,22.77,2.6829,1436.6
27.78,53.64,2.0959,1919.86
27.54,27.35,2.6835,1353.05
34.96,36.94,2.4808,1584.62
31.25,89.07,2.716,1200.15
32.55,29.97,2.6494,1407.25
34.89,54.92,3.7415,494.91
37.25,63.27,3.3167,792.11
23.45,69.17,2.9942,966.2
24.39,59.18,2.8184,1145.44
17.35,20.68,3.8068,453.95
29.46,42.85,3.6041,606.84
15.9,56.24,3.1628,828.44
26.64,26.15,2.1176,1953.88
28.57,44.54,3.1673,916.78
22.16,22.32,2.8799,1160.91
29.77,25.5,3.5248,697.68
15.76,47.78,2.5777,1369.46
15.93,29.29,3.2275,834.71
35.57,59.73,3.4096,715.33
24.0,68.26,2.7034,1216.85
18.18,76.04,3.6893,388.92
28.06,34.01,3.9238,392.42
34.25,31.72,3.4747,734.89
20.4,27.32,3.8106,439.49
30.57,64.55,3.5914,555.0
17.13,69.45,3.0042,928.95
16.29,22.21,2.3116,1680.19
28.28,85.53,2.6054,1306.72
28.52,23.64,2.871,1210.52
30.94,57.89,3.2187,855.45
33.15,69.63,2.0991,1889.44
39.4,80.97,2.988,1023.16
27.91,69.99,3.5902,521.09
23.07,76.12,2.5229,1379.65
34.88,43.76,3.6861,564.42
21.77,77.04,2.9932,939.26
25.97,25.61,2.844,1202.01
16.96,82.64,2.079,1796.24
15.63,58.33,2.7378,1179.55
39.07,77.21,2.4432,1517.66
35.9,51.66,2.0769,1988.36
32.4,65.05,3.5344,593.01
25.22,56.85,3.2228,825.07
19.33,71.21,2.8843,1019.21
18.91,25.71,2.9812,1063.36
21.26,24.22,3.0215,1045.85
28.73,37.3,2.1833,1850.33
32.86,31.17,2.5243,1536.73
31.5,81.02,2.5615,1364.81
22.0,35.34,3.185,881.18
38.87,88.31,2.2301,1714.54
33.45,43.58,2.1109,1927.2
28.86,32.75,2.3309,1710.34
30.29,75.28,3.7881,382.54
25.49,66.11,2.5214,1410.97
21.19,54.87,3.6903,462.84
23.9,58.88,3.2418,797.32
33.95,70.34,3.7057,476.43
15.36,35.99,2.5961,1358.15
17.9,89.74,2.3524,1492.28
16.15,88.24,3.3941,565.47
16.02,65.52,2.9173,1001.82
36.39,33.97,2.9935,1119.1
32.59,67.62,3.0197,977.87
26.85,25.05,3.6842,576.06
17.45,22.15,2.9889,1058.7
27.29,38.04,2.405,1596.91
26.84,52.38,3.6939,495.03
19.33,80.78,3.5161,509.89
25.85,70.9,3.0111,954.73
24.96,71.99,2.0568,1905.6
30.4,49.78,2.5483,1463.09
30.88,44.22,2.5447,1479.45
16.13,45.97,3.0021,966.31
24.37,89.14,2.5311,1341.73
30.65,22.81,4.0024,396.41
27.58,80.69,2.4978,1410.48
36.41,60.51,2.1756,1859.52
31.47,50.7,2.6509,1372.37
19.07,70.77,2.1336,1795.39
16.76,54.07,2.371,1552.84
31.06,81.14,3.5161,575.3
15.66,83.05,2.0453,1841.97
29.64,49.52,3.739,487.64
38.51,39.38,2.835,1245.03
29.39,61.46,3.5311,610.26
24.7,83.87,3.6959,398.96
31.08,34.75,3.0371,1063.7
26.46,63.61,3.1635,857.97
28.64,64.21,2.7873,1167.32
38.54,71.32,2.6767,1315.06
24.65,29.21,3.8119,450.86
39.03,70.11,3.6019,579.27
37.63,83.63,2.6755,1285.0
19.89,32.58,3.1106,935.93
16.73,36.63,2.403,1561.26
17.52,88.0,2.4198,1436.71
15.46,32.67,2.225,1749.88
17.36,79.81,2.3471,1501.84
32.08,54.46,2.9685,1076.49
16.78,37.31,2.509,1470.21
22.97,80.95,3.121,826.12
36.12,51.17,3.2464,876.23
15.58,56.04,2.2743,1658.16
35.36,45.15,2.9614,1103.2
22.05,61.51,2.2594,1673.38
17.95,31.45,2.2904,1712.32
32.42,47.38,2.2731,1769.25
30.72,87.86,2.0825,1864.95
36.94,38.07,3.0203,1078.2
33.38,65.97,3.1653,896.56
35.09,42.76,2.7184,1323.16
22.05,74.14,2.9449,981.3
19.44,29.16,2.6467,1353.74
33.77,87.89,2.4111,1523.05
35.17,51.77,2.5288,1495.22
39.76,36.52,3.1682,986.78
25.32,25.14,3.5624,650.31
24.3,31.88,2.9737,1077.46
34.41,56.38,3.5733,611.0
23.52,43.59,2.1534,1821.96
38.27,78.02,3.0795,940.32
36.46,50.16,3.5793,630.22
25.72,37.41,3.8442,421.23
33.77,63.2,2.5579,1426.23
33.86,69.47,2.551,1411.78
17.58,31.69,3.1273,931.78
37.56,31.73,3.8675,496.17
27.63,22.57,3.057,1043.6
35.66,71.55,3.1558,884.17
23.0,66.47,2.441,1476.94
37.39,53.22,2.662,1361.36
24.73,79.09,2.9636,970.64
15.27,76.4,3.1967,732.99
37.63,60.97,2.055,1980.62
17.28,80.78,2.7548,1115.48
22.98,34.41,2.5093,1495.0
38.75,27.83,3.6983,607.7
38.77,38.88,2.9408,1166.66
29.34,24.0,3.9233,424.61
30.8,57.18,2.8004,1198.84
26.21,85.56,2.0091,1941.71
22.33,22.75,3.0788,1002.41
23.22,28.55,3.8407,443.17
31.81,51.65,3.8288,430.15
33.81,85.37,2.949,1008.54
34.79,42.13,3.5788,639.24
34.74,55.51,3.8527,417.83
17.28,22.91,2.3928,1605.07
27.36,30.38,2.9265,1122.81
16.44,89.06,3.022,848.58
28.74,87.56,2.0889,1838.13
26.04,20.35,3.6966,568.15
37.19,86.63,2.0508,1928.59
23.77,64.74,3.0991,888.63
17.93,80.75,2.0818,1819.21
18.57,51.83,2.5857,1356.77
34.04,56.09,2.2826,1719.27
30.46,54.22,2.0446,1974.1
17.53,66.68,3.0955,847.22
17.1,29.78,2.0772,1937.04
32.52,22.1,3.13,1010.96
16.82,41.56,2.979,1004.53
35.55,69.33,3.0916,931.43
32.66,34.13,2.8026,1257.08
17.03,67.14,3.3851,629.71
17.12,87.89,2.5628,1277.01
39.67,26.57,2.861,1257.56
24.36,67.08,2.3119,1614.28
24.27,51.06,2.2372,1730.51
35.32,80.77,2.8741,1093.51
38.68,32.4,3.3136,869.78
39.65,68.48,3.3068,800.12
33.83,78.67,3.3504,695.29
24.41,86.12,3.5813,473.39
17.09,67.83,2.9959,934.77
34.43,54.8,3.2916,817.8
28.96,63.25,2.0822,1945.6
25.61,80.82,2.6167,1283.49
37.66,59.94,3.1232,942.59
17.78,22.13,2.6873,1320.36
27.32,85.17,3.4059,605.5
15.28,68.27,2.7899,1099.35
26.72,67.36,2.5318,1394.5
16.41,35.1,2.8179,1172.01
17.97,66.12,2.8847,1030.88
17.94,47.57,2.0051,1990.03
31.23,65.59,2.1714,1806.11
33.65,27.46,2.702,1389.92
29.58,66.05,2.6508,1302.39
39.05,89.96,2.5702,1385.47
24.37,23.37,3.4868,706.13
22.14,88.4,2.8657,1020.12
36.71,48.48,3.8657,443.92
20.59,80.95,2.7321,1150.38
39.08,74.77,2.7069,1259.7
15.3,59.69,3.2359,748.95
39.25,71.69,2.0909,1941.73
16.08,81.5,2.0391,1853.32
37.28,48.29,2.4705,1549.87
28.19,42.89,2.7724,1244.09
39.82,66.73,2.2441,1789.35
16.84,76.55,3.4134,591.66
28.85,73.36,2.2786,1660.63
39.23,75.85,3.5813,582.21
28.08,50.49,2.3198,1666.62
30.73,77.25,3.1638,826.74
32.39,28.41,2.2607,1800.89
26.36,58.11,2.1009,1909.35
30.69,20.4,3.6524,621.05
29.61,42.72,2.9091,1129.53
37.53,45.65,2.1045,1969.2
16.14,47.73,2.8011,1163.12
22.02,68.68,2.171,1778.95
38.76,47.2,2.7419,1333.75
37.26,51.41,3.0992,988.03
26.39,36.63,3.267,842.97
30.5,46.13,3.4239,709.22
21.93,35.91,2.3928,1614.11
19.7,25.12,3.0395,1006.2
26.59,62.24,2.7523,1208.27
23.83,66.77,2.7451,1177.57
29.59,63.36,2.6418,1315.19
16.94,52.44,2.1568,1782.23
39.36,46.59,2.1073,1968.8
39.66,80.43,2.9568,1040.29
32.45,56.34,2.2748,1720.58
28.4,53.54,2.3712,1618.54
22.74,21.79,2.7173,1309.12
35.34,43.89,2.1386,1928.8
32.12,46.61,3.4667,704.77
19.07,47.92,3.5608,557.01
37.77,60.61,2.2481,1763.42
35.56,57.35,2.9454,1091.42
38.74,62.55,2.2771,1752.09
33.14,73.54,2.1524,1826.81
30.34,76.91,3.6455,481.18
25.46,70.27,2.1432,1811.21
38.32,86.89,2.8474,1106.28
36.65,21.28,2.93,1206.9
16.13,33.7,2.5751,1395.08
15.66,20.53,2.1394,1880.74
24.41,65.32,3.7465,410.97
35.26,82.86,2.7922,1152.49
39.68,37.04,2.5865,1494.11
18.76,84.89,2.3187,1550.79
29.85,24.22,2.5496,1501.9
24.52,85.41,3.4188,597.78
39.25,44.61,3.2713,865.02
36.05,27.1,3.1973,961.12
35.96,54.01,2.3357,1683.19
26.72,37.97,3.2676,831.59
25.37,39.94,3.3992,721.34
21.84,41.51,2.0762,1931.07
16.41,76.21,3.6812,394.36
36.62,57.74,2.054,1996.47
35.32,41.79,2.543,1476.45
39.99,62.72,2.2766,1722.12
39.92,70.13,3.2166,857.28
28.89,39.08,3.9062,403.19
34.22,48.95,2.4156,1575.35
38.62,28.53,2.3574,1731.31
36.24,32.68,2.4832,1579.57
21.18,67.68,3.4489,611.42
26.26,32.7,2.4156,1600.55
18.23,56.76,2.305,1625.65
38.85,69.63,2.5431,1446.84
30.15,27.48,2.4093,1621.11
20.72,59.71,2.2013,1750.39
31.79,37.96,2.6664,1374.04
30.45,87.4,3.5566,523.54
23.95,53.85,2.8407,1169.96
17.84,76.42,3.5066,505.79
31.79,58.52,3.0002,1040.22
28.01,23.04,3.0647,1039.51
34.31,64.32,3.7214,486.94
28.0,86.6,2.988,945.09
36.3,62.11,3.6297,559.82
28.8,77.34,2.2381,1689.34
29.02,81.89,2.0446,1915.25
36.92,35.97,3.8142,497.15
25.09,34.84,2.1211,1927.29
18.35,62.77,2.6796,1226.57
15.72,48.77,3.1169,865.3
33.88,78.79,3.6307,504.52
30.51,83.0,2.7447,1191.01
32.6,44.74,2.3521,1667.12
20.32,36.58,2.4578,1525.48
18.41,74.64,3.5941,461.37
15.36,39.24,3.6625,498.1
23.76,77.58,2.8949,1032.65
29.75,49.66,3.2421,858.37
24.81,66.73,3.2664,756.46
25.94,26.69,3.3099,835.23
37.6,63.67,2.3233,1681.64
23.71,51.62,2.1209,1885.35
27.85,61.06,2.9497,1036.27
34.59,31.76,2.2374,1847.9
24.91,71.58,3.0683,900.82
30.55,80.4,2.7823,1151.83
36.56,35.17,3.4676,746.17
38.74,26.7,2.6862,1417.57
18.68,21.65,2.08,1965.95
38.16,64.94,2.6452,1357.66
27.3,62.5,3.0569,959.66
21.46,58.27,2.5113,1429.46
26.48,36.24,3.638,579.13
39.5,47.36,2.2376,1819.63
27.32,61.61,2.7616,1195.0
23.22,54.77,2.8745,1107.95
30.84,89.14,2.5793,1329.1
21.0,29.55,2.6249,1392.15
16.9,68.66,3.5562,496.28
18.22,48.3,2.4519,1485.84
18.2,49.97,3.2433,771.93
18.8,70.23,2.351,1536.6
18.47,68.47,2.2074,1712.51
31.02,89.39,2.2273,1682.41
19.55,28.99,2.7353,1275.05
23.64,27.29,2.8125,1222.68
37.42,70.7,3.5396,611.46
26.85,60.49,2.3114,1636.06
31.69,39.19,3.3218,819.68
19.31,25.56,2.8076,1184.65
19.81,26.0,3.2562,840.52
16.02,82.59,3.351,596.8
19.22,33.43,2.595,1399.88
21.96,42.64,3.7442,468.02
19.43,35.87,2.391,1592.81
17.22,44.85,3.1287,894.49
18.02,24.86,3.8974,380.22
26.52,56.33,2.7839,1208.03
20.16,24.73,3.8167,455.9
24.11,76.02,3.14,827.39
27.59,36.36,2.5023,1525.3
32.26,57.8,3.725,481.56
15.98,81.61,2.1255,1739.73
34.99,65.56,3.8656,386.19
30.7,57.31,3.302,779.85
17.04,42.7,2.3602,1580.26
36.84,43.31,3.2575,892.36
38.02,66.86,3.6475,545.07
16.53,89.59,2.8932,963.58
21.92,66.33,3.1659,818.04
35.16,59.04,2.2455,1745.19
33.71,71.15,3.1449,887.62
19.61,52.56,2.2684,1658.07
20.23,24.21,2.2028,1824.83
24.26,59.36,2.8729,1082.78
27.11,87.03,2.0927,1854.11
30.46,32.27,3.1234,991.26
24.22,68.3,2.0296,1941.81
26.56,34.07,3.7305,524.65
33.69,57.51,2.4923,1492.97
15.92,26.77,2.8254,1179.98
21.31,51.53,2.9821,1007.99
32.83,72.93,2.5484,1404.99
37.38,44.33,2.5373,1520.25
27.79,66.54,3.8193,387.07
28.3,75.68,3.4052,650.46
17.68,84.9,2.2992,1535.13
26.19,36.42,2.5404,1459.54
28.32,47.95,2.0837,1945.0
21.06,30.67,2.3882,1612.88
21.73,89.47,1.9807,1920.25
24.43,84.89,2.3877,1518.12
15.5,57.8,3.1168,862.84
23.05,78.94,3.4982,550.69
20.29,56.47,2.2929,1646.55
23.19,63.65,2.5004,1423.52
17.99,26.24,3.7724,458.06
37.26,72.87,3.0652,963.28
29.84,28.94,2.1463,1930.02
31.98,77.82,2.7427,1190.65
34.73,74.74,2.9068,1081.02
27.46,69.61,2.8293,1121.47
17.17,22.53,3.3955,718.39
28.43,41.22,3.0831,977.31
29.67,38.42,3.1016,979.1
33.64,45.21,3.8381,464.82
25.79,26.13,2.4161,1623.46
18.19,85.59,2.794,1054.74
22.09,58.77,2.2408,1711.93
24.08,41.39,2.2275,1757.56
31.15,47.79,3.4291,723.43
29.27,51.3,2.5382,1444.91
23.9,62.04,2.805,1145.1
39.66,56.1,2.2489,1805.85
30.14,84.36,3.2662,729.5
20.93,54.79,2.4453,1478.06
17.54,89.45,2.4611,1364.56
18.82,79.6,3.0699,858.39
21.15,34.6,3.5496,601.29
19.02,85.14,2.3874,1435.66
19.66,28.15,2.4169,1576.53
22.13,77.22,3.0526,891.32
19.33,46.64,2.5368,1424.63
37.42,81.46,2.9655,1020.11
17.01,80.76,2.3182,1535.4
28.11,76.41,3.3397,702.73
25.26,75.3,2.0985,1822.15
39.56,41.33,3.3268,845.6
17.8,25.66,3.0769,975.81
24.95,48.21,3.7334,474.11
39.24,32.15,3.7593,560.65
36.64,68.65,2.779,1215.7
35.43,44.23,3.3121,813.5
21.45,88.29,2.1414,1733.48
19.27,64.87,3.7332,403.8
31.72,77.57,2.9698,994.13
38.23,29.28,3.2553,926.5
28.92,80.34,3.735,411.31
29.29,84.59,3.4689,581.48
22.0,54.09,2.9285,1050.1
34.24,62.44,2.8153,1178.44
19.68,73.54,2.8716,1034.95
23.09,32.24,2.7843,1240.12
25.64,55.18,2.6198,1344.11
27.69,47.91,3.8636,396.08
21.06,30.25,2.8973,1131.83
17.87,45.73,2.0567,1940.87
30.27,24.77,2.8404,1220.83
22.22,21.81,2.5594,1477.62
29.53,29.46,3.2489,885.22
18.86,87.42,2.2299,1633.87
27.03,58.47,2.3441,1632.13
28.31,87.61,2.6575,1224.5
16.3,50.27,2.0103,1961.14
23.42,41.83,3.5783,583.39
18.36,55.43,3.7441,407.46
16.58,50.77,2.3228,1627.66
39.75,27.4,2.4035,1687.59
23.06,64.86,3.5034,574.74
35.25,35.12,3.3725,810.24
21.37,63.37,3.7312,408.43
32.04,65.51,3.1871,855.16
34.01,30.64,2.4337,1632.49
29.89,24.29,2.8588,1219.1
26.79,74.65,3.0187,943.91
25.3,52.19,3.0278,982.22
23.72,24.07,3.9369,382.19
38.24,89.64,3.1409,865.68
35.77,24.04,2.6823,1427.26
39.13,68.65,2.0749,1958.19
18.11,88.86,2.1186,1752.24
33.27,36.74,3.928,418.22
38.46,29.96,2.2492,1835.67
19.53,28.5,2.368,1648.78
16.66,41.23,2.3145,1644.21
33.53,27.07,3.0051,1121.95
29.36,68.45,2.9498,1024.77
36.05,24.36,3.3481,870.72
18.49,55.66,3.6432,486.43
34.88,89.77,3.2702,749.74
20.04,76.98,3.1762,779.5
19.09,63.07,2.7523,1164.2
19.11,41.44,2.3856,1590.86
35.36,63.67,2.8642,1147.57
31.63,56.89,3.7269,473.71
28.08,49.83,2.08,1931.62
23.97,29.15,2.1359,1907.21
36.93,82.06,2.3062,1652.01
24.81,51.48,2.029,1985.95
35.41,33.62,2.8304,1262.06
25.98,45.74,2.0647,1939.68
24.42,48.99,3.6815,502.48
26.57,77.93,2.9559,972.4
22.53,71.35,3.2604,745.12
33.69,73.85,3.3804,697.25
27.57,20.77,3.6543,608.1
20.81,49.13,2.5544,1388.31
37.49,53.69,2.392,1645.74
24.6,21.34,2.7417,1316.84
28.59,38.19,3.5872,618.08
37.66,73.22,2.2874,1694.02
30.61,29.6,2.6472,1410.25
17.92,57.47,2.934,1008.83
38.5,35.06,2.6116,1472.09
30.69,20.85,3.4163,801.05
23.37,36.88,3.1317,939.21
18.48,88.31,2.0173,1866.33
34.85,76.11,3.1836,850.62
30.5,87.17,2.7619,1141.38
28.34,54.15,2.1823,1822.03
37.35,27.68,2.5643,1526.51
34.71,58.36,3.7345,480.77
18.79,51.81,3.452,618.63
22.79,79.1,3.7146,392.7
21.21,26.87,2.6048,1402.09
33.6,54.18,2.9175,1105.23
15.84,30.5,3.5501,597.53
29.25,42.73,2.1133,1931.85
34.06,71.61,2.7299,1238.05
36.92,53.32,3.3646,771.87
23.55,46.31,2.8073,1190.98
35.53,47.61,2.5635,1480.98
17.77,52.16,3.6132,503.51
36.16,74.95,3.2187,825.02
18.19,82.45,2.1918,1687.28
24.93,86.87,2.7599,1124.66
34.93,75.08,2.6957,1265.45
18.75,42.08,2.9138,1081.16
20.73,68.17,3.6382,451.12
33.06,50.63,3.5387,648.51
33.0,37.83,2.979,1101.78
31.03,78.86,3.3134,718.88
32.35,22.69,3.9001,460.97
28.57,83.12,2.1785,1746.71
21.29,52.3,2.0096,1969.53
23.64,64.6,2.287,1664.89
19.54,66.15,2.1635,1763.13
37.71,82.66,3.2822,772.0
29.58,64.57,2.0723,1936.22
25.02,62.98,3.3481,699.02
26.55,24.67,2.1509,1921.32
38.68,56.29,2.0685,1991.61
18.83,30.51,2.4626,1532.99
29.66,71.62,2.0,1969.45
27.65,55.86,2.6699,1302.65
30.29,67.62,3.2374,800.46
15.45,22.92,2.9383,1087.93
36.8,25.94,2.7629,1341.57
38.3,70.14,3.7014,498.39
29.13,25.05,2.6618,1388.2
32.42,24.99,2.128,1969.51
38.06,20.85,3.6,687.97
32.68,86.96,2.27,1664.0
18.81,71.63,2.0702,1850.8
29.41,44.73,2.0977,1908.8
30.17,40.76,2.112,1935.42
25.6,44.48,2.7653,1224.76
33.41,74.23,2.0196,1963.24
38.36,66.3,2.3776,1606.84
38.14,32.96,3.6344,641.91
26.27,32.19,2.909,1152.58
17.83,26.89,2.4505,1543.7
39.62,66.22,3.3283,780.69
35.97,73.51,2.5515,1417.8
18.12,38.55,2.4988,1459.89
38.02,21.47,3.6642,643.57
36.75,25.75,2.7982,1295.44
27.97,87.75,2.2519,1630.04
29.78,40.68,2.8469,1188.21
24.98,73.85,3.7452,399.61
16.37,63.73,3.7237,394.64
23.38,46.74,3.063,958.39
35.07,34.4,2.1881,1880.43
15.12,28.5,3.3435,750.46
23.34,63.05,2.5075,1407.67
24.95,74.22,3.2737,739.76
28.43,65.07,3.1021,901.11
38.0,57.12,2.2654,1753.83
23.66,22.94,2.4543,1560.76
23.67,87.79,3.4821,534.55
33.44,75.91,2.9099,1074.5
26.31,40.5,3.8443,427.26
20.62,88.6,2.7072,1159.04
26.31,62.13,2.4976,1453.14
18.52,60.77,3.4843,571.97
19.41,72.37,3.0955,847.99
27.46,76.82,2.9134,1024.5
25.47,65.95,2.1115,1869.64
37.87,28.97,2.115,1989.07
24.06,43.68,3.7801,452.76
29.51,84.97,2.3076,1612.83
30.81,35.72,3.1355,982.19
15.33,46.05,2.947,1015.78
31.59,50.25,2.4088,1601.91
19.45,50.76,2.1293,1867.85
39.03,62.91,2.112,1920.5
18.72,86.02,2.5161,1314.94
25.37,36.85,3.0907,958.54
17.13,28.51,2.3401,1655.83
39.92,33.82,3.4191,786.62
27.55,82.08,2.6055,1293.8
29.88,65.21,3.0512,960.9
16.68,40.01,2.5105,1443.74
33.75,77.12,3.2787,769.45
20.25,80.3,3.2815,690.38
37.45,79.26,2.1339,1867.55
20.13,84.32,3.4509,544.92
19.77,37.66,2.783,1199.65
15.91,72.85,3.2062,737.78
26.8,52.24,3.7826,443.07
29.12,78.94,3.7062,438.35
16.64,70.99,3.3262,663.86
34.39,74.35,2.2028,1784.17
26.33,65.93,3.1643,837.62
28.11,32.42,2.1545,1919.74
26.02,58.15,2.6506,1322.23
25.02,88.93,2.807,1087.31
28.99,85.62,2.598,1319.74
18.88,23.02,2.7889,1217.05
19.55,31.54,2.3762,1609.22
36.54,29.22,3.3542,837.64
38.65,70.82,3.1004,951.94
24.33,77.24,2.0933,1828.43
21.77,34.95,2.1187,1913.26
31.1,55.41,2.1961,1825.94
25.22,78.85,2.8687,1059.51
15.63,71.3,2.2417,1644.19
18.9,57.96,2.7721,1151.66
32.9,61.32,2.8037,1186.01
31.47,55.59,3.4225,711.58
15.68,40.83,2.6177,1337.63
20.55,59.55,3.3629,681.54
20.78,68.22,3.0312,917.13
31.8,81.13,2.161,1765.15
15.49,64.54,3.2569,715.46
17.6,73.28,3.5711,495.28
35.0,31.21,3.8284,491.79
19.46,52.31,2.0749,1904.07
31.32,20.65,2.9111,1201.21
20.95,37.27,2.9656,1043.25
17.49,70.85,2.2062,1693.62
21.08,89.43,2.1527,1734.04
33.06,26.94,3.2402,918.15
36.39,48.1,2.5557,1503.66
35.76,76.0,2.3167,1629.22
24.93,34.28,2.5791,1440.53
31.7,58.86,3.5176,625.58
20.12,71.31,2.1314,1798.93
22.33,63.12,2.68,1253.33
37.41,33.16,3.347,837.61
15.33,44.88,2.8947,1068.87
17.14,74.87,3.6022,440.87
20.2,58.8,3.4989,587.14
15.66,20.37,2.3812,1620.19
19.54,73.27,3.7406,380.02
29.58,22.47,3.0706,1054.84
25.54,72.2,2.7006,1226.47
37.32,34.17,3.8849,468.51
35.44,87.07,2.0138,1956.39
23.55,45.76,3.3359,746.32
21.49,42.89,3.1859,872.8
24.49,30.42,3.2476,872.39
29.76,41.39,3.3875,753.27
21.7,81.37,3.7164,382.39
30.6,89.74,2.3307,1561.54
25.24,45.78,2.0873,1946.29
28.8,51.4,3.3699,743.36
25.9,70.54,2.4876,1454.14
22.36,82.03,2.2925,1581.87
38.71,61.51,2.2617,1754.45
34.09,47.41,3.0029,1064.66
18.5,48.88,3.1452,870.75
36.71,68.69,3.1421,906.98
27.19,20.23,2.5106,1534.45
37.36,63.37,2.3108,1703.18
35.0,44.88,3.5301,674.21
25.63,75.59,2.9563,980.92
15.56,26.51,2.1772,1841.14
21.72,61.17,2.263,1686.84
28.54,53.67,2.0502,1975.47
30.84,64.96,2.3636,1601.88
21.45,24.54,3.056,1016.98
18.48,60.6,2.5657,1336.83
35.87,59.3,2.5498,1450.84
39.61,59.25,3.7247,507.1
28.14,62.24,2.7086,1262.09
19.29,67.35,2.3557,1529.1
21.81,76.35,3.3703,651.06
15.46,38.89,2.3085,1644.62
37.86,77.75,2.6386,1325.71
17.94,54.88,2.0398,1922.6
29.41,25.39,3.8843,448.72
21.85,24.1,3.3323,809.83
28.85,43.4,2.6304,1354.52
31.29,74.94,3.1619,860.43
35.74,69.54,2.4401,1537.37
20.16,75.2,2.2698,1609.59
15.27,56.21,3.5139,546.08
18.42,50.81,2.7488,1212.44
37.5,30.32,2.8957,1204.4
36.85,42.97,3.1253,978.23
29.94,50.38,2.1432,1891.34
30.01,26.2,2.3415,1720.56
31.63,35.44,2.5198,1509.48
19.38,61.88,2.3794,1537.21
37.86,71.5,2.8662,1127.98
25.47,89.88,2.0562,1872.01
24.58,85.32,2.386,1505.24
27.97,64.98,2.3935,1560.95
16.17,49.49,2.1773,1775.94
19.16,64.53,3.1698,824.0
33.45,75.0,2.2717,1687.45
17.07,28.28,3.413,696.29
30.08,48.69,3.1304,939.45
21.13,78.79,3.0179,923.69
24.73,46.87,2.0455,1965.21
22.22,60.03,2.1809,1767.59
23.89,61.14,2.4254,1515.9
32.98,32.91,2.493,1557.83
22.43,45.36,2.6742,1290.56
29.16,43.42,2.135,1914.29
26.9,21.83,2.9156,1183.94
31.59,21.69,3.1492,996.44
38.42,78.22,3.4614,644.12
33.31,39.11,2.3713,1653.65
20.37,56.27,2.3671,1569.8
15.78,40.91,2.9956,1002.66
21.56,85.85,3.646,420.81
29.88,38.15,2.2931,1739.18
16.29,50.08,3.7639,398.5
27.41,81.09,2.3743,1519.99
29.92,78.94,2.0297,1951.82
23.36,33.03,2.9597,1089.01
34.27,76.19,3.2771,760.66
17.66,52.07,2.4231,1521.89
16.88,53.81,2.2366,1703.75
33.2,29.34,2.8283,1265.22
27.39,25.64,2.1126,1946.6
32.21,70.96,3.699,463.7
25.87,54.75,2.7771,1197.77
21.16,50.58,2.4117,1543.9
35.48,71.07,2.227,1777.48
34.99,73.59,3.4345,670.39
32.37,31.12,2.3773,1676.01
21.8,62.72,2.6401,1275.39
29.76,29.47,3.0922,1022.42
24.02,72.6,3.4526,593.38
17.29,65.99,2.1539,1781.78
37.93,86.96,3.446,634.78
18.42,24.83,3.2153,881.86
38.76,23.99,3.3836,849.87
26.15,39.75,2.2239,1791.69
